ASN,Prefix
AS201129,84.75.24.0/24
AS201129,87.229.97.0/24
AS30983,105.73.96.0/22
AS30983,196.12.203.0/24
AS30983,196.200.128.0/18
AS30983,196.200.160.0/24
AS327917,196.13.108.0/24
AS327989,196.32.216.0/21
AS327989,196.32.220.0/22
AS328055,169.255.176.0/22
AS328066,196.61.232.0/24
AS328066,196.61.233.0/24
AS328066,196.61.234.0/24
AS328066,196.61.235.0/24
AS328066,196.61.236.0/24
AS328066,196.61.237.0/24
AS328066,196.61.238.0/23
AS328268,192.12.117.0/24
AS328272,102.208.146.0/24
AS328272,102.208.147.0/24
AS328272,196.11.103.0/24
AS328280,102.165.189.0/24
AS328493,102.67.148.0/22
AS328541,102.64.4.0/23
AS328577,102.68.8.0/22
AS328709,102.222.176.0/24
AS328709,102.222.177.0/24
AS328709,102.222.178.0/23
AS328867,102.220.124.0/24
AS328867,103.176.90.0/24
AS328867,149.18.99.0/24
AS328867,149.57.44.0/22
AS328867,149.57.9.0/24
AS328867,154.6.144.0/24
AS328867,154.6.168.0/22
AS328867,185.243.7.0/24
AS328867,185.245.0.0/24
AS328867,194.62.214.0/23
AS328867,204.167.189.0/24
AS328867,205.227.174.0/24
AS328867,207.120.120.0/24
AS328867,208.50.200.0/24
AS328867,216.22.79.0/24
AS328867,45.158.254.0/24
AS328867,82.115.1.0/24
AS328867,82.115.12.0/24
AS328867,85.92.112.0/24
AS328960,102.218.131.0/24
AS329280,102.212.205.0/24
AS329442,196.49.104.0/24
AS329461,102.208.100.0/24
AS329461,102.208.101.0/24
AS329461,102.208.102.0/23
AS329605,102.205.4.0/24
AS329605,102.205.5.0/24
AS329605,102.205.6.0/24
AS329605,102.205.7.0/24
AS329612,102.204.212.0/23
AS329628,102.204.214.0/24
AS36884,105.64.0.0/12
AS36884,105.66.0.0/17
AS36884,105.66.0.0/21
AS36884,105.66.128.0/24
AS36884,105.66.131.0/24
AS36884,105.66.132.0/22
AS36884,105.67.0.0/17
AS36884,105.67.0.0/24
AS36884,105.67.1.0/24
AS36884,105.67.128.0/22
AS36884,105.67.128.0/24
AS36884,105.67.129.0/24
AS36884,105.67.131.0/24
AS36884,105.67.2.0/24
AS36884,105.68.0.0/16
AS36884,105.68.0.0/18
AS36884,105.68.128.0/17
AS36884,105.69.0.0/16
AS36884,105.69.192.0/20
AS36884,105.70.0.0/15
AS36884,105.70.0.0/18
AS36884,105.71.132.0/23
AS36884,105.71.134.0/23
AS36884,105.71.144.0/23
AS36884,105.71.146.0/23
AS36884,105.71.148.0/22
AS36884,105.71.16.0/21
AS36884,105.71.4.0/22
AS36884,105.72.0.0/15
AS36884,105.72.0.0/19
AS36884,105.72.144.0/21
AS36884,105.72.192.0/22
AS36884,105.72.196.0/22
AS36884,105.72.208.0/20
AS36884,105.72.240.0/20
AS36884,105.73.37.0/24
AS36884,105.74.192.0/23
AS36884,105.74.200.0/22
AS36884,105.75.0.0/18
AS36884,105.75.32.0/19
AS36884,105.75.64.0/18
AS36884,105.76.0.0/16
AS36884,105.76.0.0/18
AS36884,105.76.168.0/22
AS36884,105.76.172.0/22
AS36884,105.76.184.0/22
AS36884,105.76.188.0/23
AS36884,105.76.192.0/18
AS36884,105.76.64.0/18
AS36884,105.77.128.0/18
AS36884,105.77.192.0/21
AS36884,105.77.64.0/18
AS36884,105.78.0.0/19
AS36884,105.78.32.0/20
AS36884,105.78.64.0/22
AS36884,196.12.192.0/18
AS36884,196.12.234.0/24
AS36884,196.12.239.0/24
AS36884,197.144.0.0/14
AS36884,197.144.0.0/18
AS36884,197.144.128.0/20
AS36884,197.144.144.0/20
AS36884,197.144.160.0/19
AS36884,197.145.0.0/16
AS36884,197.146.0.0/15
AS36884,197.147.0.0/18
AS36884,197.147.128.0/18
AS36884,41.137.0.0/16
AS36884,41.137.0.0/17
AS36884,41.137.1.0/24
AS36884,41.137.38.0/23
AS36884,41.137.99.0/24
AS36903,102.51.0.0/19
AS36903,102.51.1.0/24
AS36903,102.51.2.0/23
AS36903,102.51.28.0/23
AS36903,102.51.32.0/19
AS36903,102.51.33.0/24
AS36903,102.51.34.0/23
AS36903,102.51.36.0/22
AS36903,102.51.4.0/22
AS36903,102.51.40.0/21
AS36903,102.51.48.0/21
AS36903,102.51.56.0/22
AS36903,102.51.62.0/24
AS36903,102.51.8.0/21
AS36903,102.52.0.0/18
AS36903,102.52.1.0/24
AS36903,102.52.104.0/22
AS36903,102.52.108.0/23
AS36903,102.52.110.0/24
AS36903,102.52.112.0/21
AS36903,102.52.120.0/22
AS36903,102.52.126.0/24
AS36903,102.52.128.0/19
AS36903,102.52.129.0/24
AS36903,102.52.132.0/22
AS36903,102.52.156.0/23
AS36903,102.52.16.0/21
AS36903,102.52.160.0/19
AS36903,102.52.161.0/24
AS36903,102.52.162.0/23
AS36903,102.52.164.0/22
AS36903,102.52.168.0/21
AS36903,102.52.176.0/21
AS36903,102.52.184.0/22
AS36903,102.52.188.0/23
AS36903,102.52.24.0/22
AS36903,102.52.28.0/23
AS36903,102.52.33.0/24
AS36903,102.52.34.0/23
AS36903,102.52.40.0/21
AS36903,102.52.48.0/21
AS36903,102.52.56.0/22
AS36903,102.52.60.0/23
AS36903,102.52.64.0/19
AS36903,102.52.65.0/24
AS36903,102.52.66.0/23
AS36903,102.52.72.0/22
AS36903,102.52.76.0/23
AS36903,102.52.78.0/24
AS36903,102.52.8.0/21
AS36903,102.52.80.0/21
AS36903,102.52.88.0/22
AS36903,102.52.94.0/24
AS36903,102.52.96.0/19
AS36903,102.52.97.0/24
AS36903,102.52.98.0/23
AS36903,102.53.128.0/21
AS36903,102.53.136.0/21
AS36903,102.53.144.0/20
AS36903,102.53.16.0/20
AS36903,102.53.160.0/19
AS36903,102.53.192.0/19
AS36903,102.53.224.0/19
AS36903,102.53.32.0/19
AS36903,102.53.64.0/20
AS36903,102.53.80.0/21
AS36903,102.53.88.0/21
AS36903,102.53.96.0/19
AS36903,102.78.0.0/22
AS36903,102.78.1.0/24
AS36903,102.78.10.0/24
AS36903,102.78.104.0/21
AS36903,102.78.12.0/22
AS36903,102.78.124.0/23
AS36903,102.78.126.0/24
AS36903,102.78.128.0/18
AS36903,102.78.13.0/24
AS36903,102.78.130.0/23
AS36903,102.78.14.0/24
AS36903,102.78.158.0/24
AS36903,102.78.16.0/21
AS36903,102.78.162.0/23
AS36903,102.78.164.0/22
AS36903,102.78.17.0/24
AS36903,102.78.190.0/24
AS36903,102.78.192.0/18
AS36903,102.78.193.0/24
AS36903,102.78.194.0/23
AS36903,102.78.196.0/22
AS36903,102.78.2.0/24
AS36903,102.78.20.0/23
AS36903,102.78.200.0/22
AS36903,102.78.204.0/23
AS36903,102.78.206.0/24
AS36903,102.78.208.0/21
AS36903,102.78.22.0/24
AS36903,102.78.220.0/23
AS36903,102.78.222.0/24
AS36903,102.78.225.0/24
AS36903,102.78.226.0/23
AS36903,102.78.228.0/22
AS36903,102.78.232.0/22
AS36903,102.78.236.0/23
AS36903,102.78.238.0/24
AS36903,102.78.24.0/21
AS36903,102.78.240.0/21
AS36903,102.78.248.0/22
AS36903,102.78.25.0/24
AS36903,102.78.252.0/23
AS36903,102.78.254.0/24
AS36903,102.78.26.0/23
AS36903,102.78.28.0/23
AS36903,102.78.32.0/19
AS36903,102.78.33.0/24
AS36903,102.78.34.0/23
AS36903,102.78.4.0/22
AS36903,102.78.40.0/22
AS36903,102.78.44.0/23
AS36903,102.78.49.0/24
AS36903,102.78.5.0/24
AS36903,102.78.56.0/22
AS36903,102.78.6.0/24
AS36903,102.78.64.0/19
AS36903,102.78.65.0/24
AS36903,102.78.66.0/23
AS36903,102.78.68.0/22
AS36903,102.78.8.0/22
AS36903,102.78.81.0/24
AS36903,102.78.82.0/23
AS36903,102.78.84.0/22
AS36903,102.78.88.0/22
AS36903,102.78.9.0/24
AS36903,102.78.92.0/23
AS36903,102.78.94.0/24
AS36903,102.78.96.0/19
AS36903,102.78.97.0/24
AS36903,102.78.98.0/23
AS36903,105.129.192.0/19
AS36903,105.129.193.0/24
AS36903,105.129.194.0/23
AS36903,105.129.200.0/22
AS36903,105.129.204.0/23
AS36903,105.129.206.0/24
AS36903,105.129.208.0/21
AS36903,105.129.222.0/24
AS36903,105.129.224.0/19
AS36903,105.129.225.0/24
AS36903,105.129.226.0/23
AS36903,105.129.228.0/22
AS36903,105.129.232.0/22
AS36903,105.129.236.0/23
AS36903,105.129.238.0/24
AS36903,105.129.240.0/21
AS36903,105.129.248.0/22
AS36903,105.129.254.0/24
AS36903,105.136.128.0/18
AS36903,105.136.192.0/21
AS36903,105.137.128.0/18
AS36903,105.137.192.0/19
AS36903,105.137.224.0/21
AS36903,105.137.232.0/21
AS36903,105.137.240.0/20
AS36903,105.138.144.0/20
AS36903,105.138.160.0/19
AS36903,105.138.192.0/19
AS36903,105.138.224.0/20
AS36903,105.138.240.0/21
AS36903,105.138.248.0/21
AS36903,105.154.0.0/20
AS36903,105.154.112.0/21
AS36903,105.154.120.0/21
AS36903,105.154.128.0/21
AS36903,105.154.136.0/21
AS36903,105.154.144.0/21
AS36903,105.154.152.0/21
AS36903,105.154.16.0/21
AS36903,105.154.160.0/21
AS36903,105.154.168.0/21
AS36903,105.154.176.0/21
AS36903,105.154.184.0/21
AS36903,105.154.192.0/21
AS36903,105.154.200.0/21
AS36903,105.154.208.0/21
AS36903,105.154.216.0/21
AS36903,105.154.224.0/21
AS36903,105.154.232.0/21
AS36903,105.154.24.0/21
AS36903,105.154.240.0/20
AS36903,105.154.32.0/21
AS36903,105.154.40.0/21
AS36903,105.154.48.0/21
AS36903,105.154.56.0/21
AS36903,105.154.64.0/21
AS36903,105.154.72.0/21
AS36903,105.154.80.0/20
AS36903,105.154.96.0/20
AS36903,105.155.0.0/21
AS36903,105.155.104.0/21
AS36903,105.155.112.0/21
AS36903,105.155.120.0/21
AS36903,105.155.128.0/20
AS36903,105.155.144.0/21
AS36903,105.155.152.0/21
AS36903,105.155.16.0/21
AS36903,105.155.160.0/21
AS36903,105.155.168.0/21
AS36903,105.155.176.0/20
AS36903,105.155.192.0/21
AS36903,105.155.200.0/21
AS36903,105.155.208.0/20
AS36903,105.155.224.0/20
AS36903,105.155.24.0/21
AS36903,105.155.240.0/21
AS36903,105.155.32.0/21
AS36903,105.155.40.0/21
AS36903,105.155.48.0/21
AS36903,105.155.56.0/21
AS36903,105.155.64.0/20
AS36903,105.155.8.0/21
AS36903,105.155.80.0/20
AS36903,105.155.96.0/21
AS36903,105.156.0.0/20
AS36903,105.156.104.0/21
AS36903,105.156.112.0/21
AS36903,105.156.120.0/21
AS36903,105.156.128.0/21
AS36903,105.156.136.0/21
AS36903,105.156.144.0/20
AS36903,105.156.16.0/21
AS36903,105.156.160.0/20
AS36903,105.156.176.0/21
AS36903,105.156.184.0/21
AS36903,105.156.192.0/21
AS36903,105.156.200.0/21
AS36903,105.156.208.0/20
AS36903,105.156.224.0/21
AS36903,105.156.232.0/21
AS36903,105.156.24.0/21
AS36903,105.156.240.0/20
AS36903,105.156.32.0/20
AS36903,105.156.48.0/20
AS36903,105.156.64.0/20
AS36903,105.156.80.0/20
AS36903,105.156.96.0/21
AS36903,105.157.0.0/21
AS36903,105.157.104.0/21
AS36903,105.157.112.0/21
AS36903,105.157.120.0/21
AS36903,105.157.128.0/21
AS36903,105.157.136.0/21
AS36903,105.157.144.0/21
AS36903,105.157.152.0/21
AS36903,105.157.16.0/21
AS36903,105.157.160.0/21
AS36903,105.157.168.0/21
AS36903,105.157.176.0/21
AS36903,105.157.184.0/21
AS36903,105.157.192.0/20
AS36903,105.157.208.0/21
AS36903,105.157.216.0/21
AS36903,105.157.224.0/20
AS36903,105.157.24.0/21
AS36903,105.157.240.0/21
AS36903,105.157.248.0/21
AS36903,105.157.32.0/19
AS36903,105.157.64.0/21
AS36903,105.157.72.0/21
AS36903,105.157.8.0/21
AS36903,105.157.80.0/21
AS36903,105.157.88.0/21
AS36903,105.157.96.0/21
AS36903,105.158.0.0/21
AS36903,105.158.104.0/21
AS36903,105.158.112.0/21
AS36903,105.158.120.0/21
AS36903,105.158.128.0/20
AS36903,105.158.144.0/21
AS36903,105.158.152.0/21
AS36903,105.158.16.0/20
AS36903,105.158.160.0/21
AS36903,105.158.168.0/21
AS36903,105.158.176.0/21
AS36903,105.158.184.0/21
AS36903,105.158.192.0/21
AS36903,105.158.200.0/21
AS36903,105.158.208.0/20
AS36903,105.158.224.0/21
AS36903,105.158.232.0/21
AS36903,105.158.240.0/21
AS36903,105.158.248.0/21
AS36903,105.158.32.0/21
AS36903,105.158.40.0/21
AS36903,105.158.48.0/21
AS36903,105.158.56.0/21
AS36903,105.158.64.0/20
AS36903,105.158.8.0/21
AS36903,105.158.80.0/20
AS36903,105.158.96.0/21
AS36903,105.159.0.0/20
AS36903,105.159.112.0/21
AS36903,105.159.120.0/21
AS36903,105.159.128.0/19
AS36903,105.159.16.0/21
AS36903,105.159.160.0/20
AS36903,105.159.176.0/21
AS36903,105.159.184.0/21
AS36903,105.159.192.0/21
AS36903,105.159.200.0/21
AS36903,105.159.208.0/21
AS36903,105.159.216.0/21
AS36903,105.159.224.0/21
AS36903,105.159.232.0/21
AS36903,105.159.24.0/21
AS36903,105.159.240.0/21
AS36903,105.159.32.0/21
AS36903,105.159.40.0/21
AS36903,105.159.48.0/20
AS36903,105.159.64.0/21
AS36903,105.159.72.0/21
AS36903,105.159.80.0/21
AS36903,105.159.88.0/21
AS36903,105.159.96.0/20
AS36903,160.160.128.0/20
AS36903,160.160.144.0/20
AS36903,160.160.160.0/19
AS36903,160.160.192.0/18
AS36903,160.162.128.0/19
AS36903,160.162.160.0/20
AS36903,160.162.176.0/21
AS36903,160.164.128.0/18
AS36903,160.164.129.0/24
AS36903,160.164.130.0/23
AS36903,160.164.136.0/21
AS36903,160.164.144.0/21
AS36903,160.164.152.0/22
AS36903,160.164.156.0/23
AS36903,160.164.158.0/24
AS36903,160.164.160.0/21
AS36903,160.164.168.0/22
AS36903,160.164.172.0/23
AS36903,160.164.174.0/24
AS36903,160.164.176.0/21
AS36903,160.164.190.0/24
AS36903,160.164.192.0/18
AS36903,160.164.193.0/24
AS36903,160.164.194.0/23
AS36903,160.164.200.0/21
AS36903,160.164.208.0/21
AS36903,160.164.216.0/22
AS36903,160.164.220.0/23
AS36903,160.164.222.0/24
AS36903,160.164.224.0/21
AS36903,160.164.232.0/22
AS36903,160.164.236.0/23
AS36903,160.164.238.0/24
AS36903,160.164.240.0/21
AS36903,160.164.248.0/22
AS36903,160.164.252.0/23
AS36903,160.166.0.0/19
AS36903,160.166.32.0/19
AS36903,160.172.0.0/18
AS36903,160.176.0.0/21
AS36903,160.176.112.0/20
AS36903,160.176.128.0/21
AS36903,160.176.136.0/21
AS36903,160.176.144.0/20
AS36903,160.176.16.0/21
AS36903,160.176.160.0/21
AS36903,160.176.168.0/21
AS36903,160.176.176.0/21
AS36903,160.176.184.0/21
AS36903,160.176.192.0/21
AS36903,160.176.200.0/21
AS36903,160.176.208.0/20
AS36903,160.176.224.0/20
AS36903,160.176.24.0/21
AS36903,160.176.240.0/21
AS36903,160.176.248.0/21
AS36903,160.176.32.0/21
AS36903,160.176.40.0/21
AS36903,160.176.48.0/21
AS36903,160.176.56.0/21
AS36903,160.176.64.0/21
AS36903,160.176.72.0/21
AS36903,160.176.8.0/21
AS36903,160.176.80.0/21
AS36903,160.176.88.0/21
AS36903,160.176.96.0/20
AS36903,160.177.0.0/21
AS36903,160.177.104.0/21
AS36903,160.177.112.0/21
AS36903,160.177.120.0/21
AS36903,160.177.128.0/21
AS36903,160.177.136.0/21
AS36903,160.177.144.0/21
AS36903,160.177.152.0/21
AS36903,160.177.16.0/21
AS36903,160.177.160.0/21
AS36903,160.177.168.0/21
AS36903,160.177.176.0/21
AS36903,160.177.184.0/21
AS36903,160.177.192.0/21
AS36903,160.177.200.0/21
AS36903,160.177.208.0/21
AS36903,160.177.216.0/21
AS36903,160.177.224.0/21
AS36903,160.177.232.0/21
AS36903,160.177.24.0/21
AS36903,160.177.240.0/21
AS36903,160.177.248.0/21
AS36903,160.177.32.0/21
AS36903,160.177.40.0/21
AS36903,160.177.48.0/21
AS36903,160.177.56.0/21
AS36903,160.177.64.0/19
AS36903,160.177.8.0/21
AS36903,160.177.96.0/21
AS36903,160.178.0.0/21
AS36903,160.178.112.0/21
AS36903,160.178.120.0/21
AS36903,160.178.128.0/21
AS36903,160.178.136.0/21
AS36903,160.178.144.0/21
AS36903,160.178.152.0/21
AS36903,160.178.16.0/21
AS36903,160.178.160.0/21
AS36903,160.178.168.0/21
AS36903,160.178.176.0/21
AS36903,160.178.184.0/21
AS36903,160.178.192.0/21
AS36903,160.178.200.0/21
AS36903,160.178.208.0/21
AS36903,160.178.216.0/21
AS36903,160.178.224.0/20
AS36903,160.178.24.0/21
AS36903,160.178.240.0/21
AS36903,160.178.248.0/21
AS36903,160.178.32.0/21
AS36903,160.178.40.0/21
AS36903,160.178.48.0/21
AS36903,160.178.56.0/21
AS36903,160.178.64.0/21
AS36903,160.178.72.0/21
AS36903,160.178.8.0/21
AS36903,160.178.80.0/21
AS36903,160.178.88.0/21
AS36903,160.178.96.0/20
AS36903,160.179.0.0/20
AS36903,160.179.104.0/21
AS36903,160.179.112.0/21
AS36903,160.179.120.0/21
AS36903,160.179.128.0/21
AS36903,160.179.136.0/21
AS36903,160.179.144.0/20
AS36903,160.179.16.0/21
AS36903,160.179.160.0/21
AS36903,160.179.168.0/21
AS36903,160.179.176.0/21
AS36903,160.179.184.0/21
AS36903,160.179.192.0/21
AS36903,160.179.200.0/21
AS36903,160.179.208.0/20
AS36903,160.179.224.0/21
AS36903,160.179.232.0/21
AS36903,160.179.24.0/21
AS36903,160.179.240.0/21
AS36903,160.179.248.0/21
AS36903,160.179.32.0/20
AS36903,160.179.48.0/21
AS36903,160.179.56.0/21
AS36903,160.179.64.0/21
AS36903,160.179.72.0/21
AS36903,160.179.80.0/20
AS36903,160.179.96.0/21
AS36903,160.89.0.0/18
AS36903,160.90.0.0/18
AS36903,194.204.205.0/24
AS36903,196.206.0.0/21
AS36903,196.206.104.0/21
AS36903,196.206.112.0/21
AS36903,196.206.120.0/21
AS36903,196.206.128.0/21
AS36903,196.206.136.0/21
AS36903,196.206.144.0/21
AS36903,196.206.152.0/21
AS36903,196.206.16.0/21
AS36903,196.206.160.0/21
AS36903,196.206.168.0/21
AS36903,196.206.176.0/20
AS36903,196.206.192.0/20
AS36903,196.206.208.0/20
AS36903,196.206.24.0/21
AS36903,196.206.32.0/21
AS36903,196.206.40.0/21
AS36903,196.206.48.0/20
AS36903,196.206.64.0/21
AS36903,196.206.72.0/21
AS36903,196.206.8.0/21
AS36903,196.206.80.0/21
AS36903,196.206.88.0/21
AS36903,196.206.96.0/21
AS36903,196.217.0.0/20
AS36903,196.217.104.0/21
AS36903,196.217.112.0/20
AS36903,196.217.128.0/20
AS36903,196.217.144.0/21
AS36903,196.217.152.0/21
AS36903,196.217.16.0/21
AS36903,196.217.160.0/21
AS36903,196.217.168.0/21
AS36903,196.217.176.0/21
AS36903,196.217.184.0/21
AS36903,196.217.192.0/21
AS36903,196.217.200.0/21
AS36903,196.217.208.0/21
AS36903,196.217.216.0/21
AS36903,196.217.224.0/21
AS36903,196.217.232.0/21
AS36903,196.217.24.0/21
AS36903,196.217.32.0/21
AS36903,196.217.40.0/21
AS36903,196.217.48.0/21
AS36903,196.217.56.0/21
AS36903,196.217.64.0/20
AS36903,196.217.80.0/21
AS36903,196.217.88.0/21
AS36903,196.217.96.0/21
AS36903,196.64.0.0/21
AS36903,196.64.104.0/21
AS36903,196.64.112.0/21
AS36903,196.64.120.0/21
AS36903,196.64.128.0/20
AS36903,196.64.144.0/21
AS36903,196.64.152.0/21
AS36903,196.64.16.0/21
AS36903,196.64.160.0/20
AS36903,196.64.176.0/20
AS36903,196.64.192.0/21
AS36903,196.64.200.0/21
AS36903,196.64.208.0/20
AS36903,196.64.224.0/20
AS36903,196.64.24.0/21
AS36903,196.64.240.0/21
AS36903,196.64.248.0/21
AS36903,196.64.32.0/21
AS36903,196.64.40.0/21
AS36903,196.64.48.0/21
AS36903,196.64.56.0/21
AS36903,196.64.64.0/21
AS36903,196.64.72.0/21
AS36903,196.64.8.0/21
AS36903,196.64.80.0/21
AS36903,196.64.88.0/21
AS36903,196.64.96.0/21
AS36903,196.65.0.0/21
AS36903,196.65.112.0/21
AS36903,196.65.120.0/21
AS36903,196.65.128.0/21
AS36903,196.65.136.0/21
AS36903,196.65.144.0/20
AS36903,196.65.16.0/20
AS36903,196.65.160.0/21
AS36903,196.65.168.0/21
AS36903,196.65.176.0/21
AS36903,196.65.184.0/21
AS36903,196.65.192.0/21
AS36903,196.65.200.0/21
AS36903,196.65.208.0/20
AS36903,196.65.224.0/21
AS36903,196.65.232.0/21
AS36903,196.65.240.0/20
AS36903,196.65.32.0/20
AS36903,196.65.48.0/20
AS36903,196.65.64.0/21
AS36903,196.65.72.0/21
AS36903,196.65.8.0/21
AS36903,196.65.80.0/20
AS36903,196.65.96.0/20
AS36903,196.69.0.0/17
AS36903,196.70.0.0/21
AS36903,196.70.112.0/21
AS36903,196.70.120.0/21
AS36903,196.70.128.0/21
AS36903,196.70.136.0/21
AS36903,196.70.144.0/21
AS36903,196.70.152.0/21
AS36903,196.70.16.0/21
AS36903,196.70.160.0/21
AS36903,196.70.168.0/21
AS36903,196.70.176.0/21
AS36903,196.70.184.0/21
AS36903,196.70.192.0/21
AS36903,196.70.200.0/21
AS36903,196.70.208.0/21
AS36903,196.70.216.0/21
AS36903,196.70.224.0/20
AS36903,196.70.24.0/21
AS36903,196.70.240.0/21
AS36903,196.70.32.0/21
AS36903,196.70.40.0/21
AS36903,196.70.48.0/21
AS36903,196.70.56.0/21
AS36903,196.70.64.0/21
AS36903,196.70.72.0/21
AS36903,196.70.8.0/21
AS36903,196.70.80.0/20
AS36903,196.70.96.0/20
AS36903,196.74.0.0/19
AS36903,196.74.104.0/21
AS36903,196.74.112.0/21
AS36903,196.74.120.0/21
AS36903,196.74.128.0/21
AS36903,196.74.136.0/21
AS36903,196.74.144.0/21
AS36903,196.74.152.0/21
AS36903,196.74.160.0/21
AS36903,196.74.168.0/21
AS36903,196.74.176.0/21
AS36903,196.74.184.0/21
AS36903,196.74.192.0/20
AS36903,196.74.208.0/21
AS36903,196.74.216.0/21
AS36903,196.74.224.0/21
AS36903,196.74.232.0/21
AS36903,196.74.240.0/21
AS36903,196.74.248.0/21
AS36903,196.74.32.0/21
AS36903,196.74.40.0/21
AS36903,196.74.48.0/21
AS36903,196.74.56.0/21
AS36903,196.74.64.0/21
AS36903,196.74.72.0/21
AS36903,196.74.80.0/21
AS36903,196.74.88.0/21
AS36903,196.74.96.0/21
AS36903,196.75.0.0/21
AS36903,196.75.104.0/21
AS36903,196.75.112.0/20
AS36903,196.75.128.0/20
AS36903,196.75.144.0/20
AS36903,196.75.16.0/20
AS36903,196.75.160.0/19
AS36903,196.75.192.0/21
AS36903,196.75.200.0/21
AS36903,196.75.208.0/20
AS36903,196.75.224.0/19
AS36903,196.75.32.0/21
AS36903,196.75.40.0/21
AS36903,196.75.48.0/21
AS36903,196.75.56.0/21
AS36903,196.75.64.0/21
AS36903,196.75.72.0/21
AS36903,196.75.8.0/21
AS36903,196.75.80.0/21
AS36903,196.75.88.0/21
AS36903,196.75.96.0/21
AS36903,196.77.0.0/21
AS36903,196.77.104.0/21
AS36903,196.77.112.0/21
AS36903,196.77.120.0/21
AS36903,196.77.128.0/21
AS36903,196.77.136.0/21
AS36903,196.77.144.0/20
AS36903,196.77.16.0/20
AS36903,196.77.160.0/21
AS36903,196.77.168.0/21
AS36903,196.77.176.0/21
AS36903,196.77.184.0/21
AS36903,196.77.192.0/21
AS36903,196.77.200.0/21
AS36903,196.77.208.0/20
AS36903,196.77.224.0/21
AS36903,196.77.232.0/21
AS36903,196.77.240.0/20
AS36903,196.77.32.0/19
AS36903,196.77.64.0/21
AS36903,196.77.72.0/21
AS36903,196.77.8.0/21
AS36903,196.77.80.0/21
AS36903,196.77.88.0/21
AS36903,196.77.96.0/21
AS36903,196.81.0.0/19
AS36903,196.81.1.0/24
AS36903,196.81.108.0/23
AS36903,196.81.128.0/19
AS36903,196.81.160.0/20
AS36903,196.81.176.0/21
AS36903,196.81.184.0/21
AS36903,196.81.192.0/18
AS36903,196.81.2.0/23
AS36903,196.81.24.0/22
AS36903,196.81.28.0/23
AS36903,196.81.32.0/20
AS36903,196.81.33.0/24
AS36903,196.81.34.0/23
AS36903,196.81.36.0/22
AS36903,196.81.4.0/22
AS36903,196.81.44.0/23
AS36903,196.81.48.0/20
AS36903,196.81.49.0/24
AS36903,196.81.50.0/23
AS36903,196.81.52.0/22
AS36903,196.81.60.0/23
AS36903,196.81.62.0/24
AS36903,196.81.64.0/19
AS36903,196.81.65.0/24
AS36903,196.81.66.0/23
AS36903,196.81.68.0/22
AS36903,196.81.72.0/22
AS36903,196.81.76.0/23
AS36903,196.81.78.0/24
AS36903,196.81.80.0/21
AS36903,196.81.88.0/22
AS36903,196.81.92.0/23
AS36903,196.81.94.0/24
AS36903,196.81.96.0/20
AS36903,196.81.97.0/24
AS36903,196.81.98.0/23
AS36903,196.83.0.0/21
AS36903,196.83.104.0/21
AS36903,196.83.112.0/21
AS36903,196.83.120.0/21
AS36903,196.83.16.0/20
AS36903,196.83.32.0/20
AS36903,196.83.48.0/21
AS36903,196.83.56.0/21
AS36903,196.83.64.0/21
AS36903,196.83.72.0/21
AS36903,196.83.8.0/21
AS36903,196.83.80.0/21
AS36903,196.83.88.0/21
AS36903,196.83.96.0/21
AS36903,196.84.0.0/18
AS36903,196.84.1.0/24
AS36903,196.84.104.0/22
AS36903,196.84.108.0/23
AS36903,196.84.110.0/24
AS36903,196.84.120.0/22
AS36903,196.84.124.0/23
AS36903,196.84.16.0/21
AS36903,196.84.24.0/22
AS36903,196.84.28.0/23
AS36903,196.84.32.0/21
AS36903,196.84.4.0/22
AS36903,196.84.40.0/22
AS36903,196.84.44.0/23
AS36903,196.84.46.0/24
AS36903,196.84.48.0/21
AS36903,196.84.62.0/24
AS36903,196.84.64.0/18
AS36903,196.84.65.0/24
AS36903,196.84.66.0/23
AS36903,196.84.80.0/21
AS36903,196.84.94.0/24
AS36903,196.84.96.0/21
AS36903,196.89.0.0/20
AS36903,196.89.104.0/21
AS36903,196.89.112.0/21
AS36903,196.89.120.0/21
AS36903,196.89.128.0/21
AS36903,196.89.136.0/21
AS36903,196.89.144.0/21
AS36903,196.89.152.0/21
AS36903,196.89.16.0/20
AS36903,196.89.160.0/20
AS36903,196.89.176.0/21
AS36903,196.89.184.0/21
AS36903,196.89.192.0/21
AS36903,196.89.200.0/21
AS36903,196.89.208.0/21
AS36903,196.89.216.0/21
AS36903,196.89.224.0/21
AS36903,196.89.232.0/21
AS36903,196.89.240.0/21
AS36903,196.89.248.0/21
AS36903,196.89.32.0/21
AS36903,196.89.40.0/21
AS36903,196.89.48.0/21
AS36903,196.89.56.0/21
AS36903,196.89.64.0/20
AS36903,196.89.80.0/21
AS36903,196.89.88.0/21
AS36903,196.89.96.0/21
AS36903,196.92.104.0/21
AS36903,196.92.112.0/21
AS36903,196.92.120.0/21
AS36903,196.92.128.0/21
AS36903,196.92.136.0/21
AS36903,196.92.144.0/21
AS36903,196.92.152.0/21
AS36903,196.92.16.0/20
AS36903,196.92.160.0/21
AS36903,196.92.168.0/21
AS36903,196.92.176.0/21
AS36903,196.92.184.0/21
AS36903,196.92.192.0/21
AS36903,196.92.200.0/21
AS36903,196.92.208.0/21
AS36903,196.92.216.0/21
AS36903,196.92.224.0/21
AS36903,196.92.232.0/21
AS36903,196.92.240.0/21
AS36903,196.92.248.0/21
AS36903,196.92.32.0/20
AS36903,196.92.48.0/21
AS36903,196.92.56.0/21
AS36903,196.92.64.0/21
AS36903,196.92.72.0/21
AS36903,196.92.8.0/21
AS36903,196.92.80.0/21
AS36903,196.92.88.0/21
AS36903,196.92.96.0/21
AS36903,197.128.192.0/18
AS36903,197.129.144.0/20
AS36903,197.129.145.0/24
AS36903,197.129.146.0/23
AS36903,197.129.148.0/22
AS36903,197.129.152.0/22
AS36903,197.129.156.0/23
AS36903,197.129.158.0/24
AS36903,41.140.0.0/21
AS36903,41.140.112.0/20
AS36903,41.140.128.0/21
AS36903,41.140.136.0/21
AS36903,41.140.144.0/21
AS36903,41.140.152.0/21
AS36903,41.140.16.0/20
AS36903,41.140.160.0/21
AS36903,41.140.168.0/21
AS36903,41.140.176.0/21
AS36903,41.140.184.0/21
AS36903,41.140.192.0/21
AS36903,41.140.200.0/21
AS36903,41.140.208.0/21
AS36903,41.140.216.0/21
AS36903,41.140.224.0/21
AS36903,41.140.232.0/21
AS36903,41.140.32.0/20
AS36903,41.140.48.0/21
AS36903,41.140.56.0/21
AS36903,41.140.64.0/21
AS36903,41.140.72.0/21
AS36903,41.140.8.0/21
AS36903,41.140.80.0/21
AS36903,41.140.88.0/21
AS36903,41.140.96.0/20
AS36903,41.141.0.0/21
AS36903,41.141.112.0/21
AS36903,41.141.120.0/21
AS36903,41.141.128.0/21
AS36903,41.141.136.0/21
AS36903,41.141.144.0/21
AS36903,41.141.152.0/21
AS36903,41.141.16.0/21
AS36903,41.141.160.0/21
AS36903,41.141.168.0/21
AS36903,41.141.176.0/21
AS36903,41.141.184.0/21
AS36903,41.141.192.0/21
AS36903,41.141.200.0/21
AS36903,41.141.208.0/21
AS36903,41.141.216.0/21
AS36903,41.141.224.0/21
AS36903,41.141.232.0/21
AS36903,41.141.24.0/21
AS36903,41.141.240.0/21
AS36903,41.141.32.0/21
AS36903,41.141.40.0/21
AS36903,41.141.48.0/21
AS36903,41.141.56.0/21
AS36903,41.141.64.0/21
AS36903,41.141.72.0/21
AS36903,41.141.8.0/21
AS36903,41.141.80.0/21
AS36903,41.141.88.0/21
AS36903,41.141.96.0/20
AS36903,41.142.0.0/21
AS36903,41.142.104.0/21
AS36903,41.142.112.0/21
AS36903,41.142.120.0/21
AS36903,41.142.128.0/20
AS36903,41.142.144.0/20
AS36903,41.142.16.0/21
AS36903,41.142.160.0/21
AS36903,41.142.168.0/21
AS36903,41.142.176.0/20
AS36903,41.142.192.0/20
AS36903,41.142.208.0/21
AS36903,41.142.216.0/21
AS36903,41.142.224.0/21
AS36903,41.142.232.0/21
AS36903,41.142.24.0/21
AS36903,41.142.32.0/20
AS36903,41.142.48.0/21
AS36903,41.142.56.0/21
AS36903,41.142.64.0/20
AS36903,41.142.8.0/21
AS36903,41.142.80.0/21
AS36903,41.142.88.0/21
AS36903,41.142.96.0/21
AS36903,41.143.0.0/21
AS36903,41.143.104.0/21
AS36903,41.143.112.0/20
AS36903,41.143.128.0/21
AS36903,41.143.136.0/21
AS36903,41.143.144.0/21
AS36903,41.143.152.0/21
AS36903,41.143.16.0/21
AS36903,41.143.160.0/19
AS36903,41.143.192.0/20
AS36903,41.143.208.0/21
AS36903,41.143.216.0/21
AS36903,41.143.224.0/20
AS36903,41.143.24.0/21
AS36903,41.143.240.0/21
AS36903,41.143.32.0/21
AS36903,41.143.40.0/21
AS36903,41.143.48.0/21
AS36903,41.143.56.0/21
AS36903,41.143.64.0/21
AS36903,41.143.72.0/21
AS36903,41.143.8.0/21
AS36903,41.143.80.0/21
AS36903,41.143.88.0/21
AS36903,41.143.96.0/21
AS36903,41.248.0.0/21
AS36903,41.248.104.0/21
AS36903,41.248.112.0/21
AS36903,41.248.120.0/21
AS36903,41.248.128.0/21
AS36903,41.248.136.0/21
AS36903,41.248.144.0/21
AS36903,41.248.152.0/21
AS36903,41.248.16.0/21
AS36903,41.248.160.0/21
AS36903,41.248.168.0/21
AS36903,41.248.176.0/21
AS36903,41.248.184.0/21
AS36903,41.248.192.0/21
AS36903,41.248.200.0/21
AS36903,41.248.208.0/21
AS36903,41.248.216.0/21
AS36903,41.248.224.0/21
AS36903,41.248.232.0/21
AS36903,41.248.24.0/21
AS36903,41.248.32.0/21
AS36903,41.248.40.0/21
AS36903,41.248.48.0/20
AS36903,41.248.64.0/21
AS36903,41.248.72.0/21
AS36903,41.248.8.0/21
AS36903,41.248.80.0/21
AS36903,41.248.88.0/21
AS36903,41.248.96.0/21
AS36903,41.249.0.0/19
AS36903,41.249.104.0/21
AS36903,41.249.112.0/21
AS36903,41.249.120.0/21
AS36903,41.249.128.0/21
AS36903,41.249.136.0/21
AS36903,41.249.144.0/21
AS36903,41.249.152.0/21
AS36903,41.249.160.0/20
AS36903,41.249.176.0/20
AS36903,41.249.192.0/20
AS36903,41.249.208.0/21
AS36903,41.249.216.0/21
AS36903,41.249.224.0/20
AS36903,41.249.32.0/21
AS36903,41.249.40.0/21
AS36903,41.249.48.0/20
AS36903,41.249.64.0/21
AS36903,41.249.72.0/21
AS36903,41.249.80.0/20
AS36903,41.249.96.0/21
AS36903,41.250.0.0/21
AS36903,41.250.104.0/21
AS36903,41.250.112.0/21
AS36903,41.250.120.0/21
AS36903,41.250.128.0/21
AS36903,41.250.136.0/21
AS36903,41.250.144.0/21
AS36903,41.250.152.0/21
AS36903,41.250.16.0/21
AS36903,41.250.160.0/21
AS36903,41.250.168.0/21
AS36903,41.250.176.0/21
AS36903,41.250.184.0/21
AS36903,41.250.192.0/20
AS36903,41.250.208.0/21
AS36903,41.250.216.0/21
AS36903,41.250.224.0/21
AS36903,41.250.232.0/21
AS36903,41.250.24.0/21
AS36903,41.250.240.0/21
AS36903,41.250.32.0/21
AS36903,41.250.40.0/21
AS36903,41.250.48.0/21
AS36903,41.250.56.0/21
AS36903,41.250.64.0/21
AS36903,41.250.72.0/21
AS36903,41.250.8.0/21
AS36903,41.250.80.0/21
AS36903,41.250.88.0/21
AS36903,41.250.96.0/21
AS36903,41.251.0.0/20
AS36903,41.251.104.0/21
AS36903,41.251.112.0/21
AS36903,41.251.120.0/21
AS36903,41.251.128.0/19
AS36903,41.251.16.0/21
AS36903,41.251.160.0/20
AS36903,41.251.176.0/21
AS36903,41.251.184.0/21
AS36903,41.251.192.0/21
AS36903,41.251.200.0/21
AS36903,41.251.208.0/21
AS36903,41.251.216.0/21
AS36903,41.251.224.0/21
AS36903,41.251.232.0/21
AS36903,41.251.24.0/21
AS36903,41.251.240.0/21
AS36903,41.251.32.0/20
AS36903,41.251.48.0/21
AS36903,41.251.56.0/21
AS36903,41.251.64.0/21
AS36903,41.251.72.0/21
AS36903,41.251.80.0/20
AS36903,41.251.96.0/21
AS36925,102.100.192.0/18
AS36925,102.100.64.0/18
AS36925,102.102.192.0/18
AS36925,102.102.64.0/18
AS36925,102.216.12.0/22
AS36925,102.216.12.0/24
AS36925,102.96.0.0/13
AS36925,102.98.192.0/18
AS36925,102.98.64.0/18
AS36925,105.188.0.0/14
AS36925,105.188.0.0/16
AS36925,105.190.208.0/21
AS36925,105.190.232.0/21
AS36925,105.190.240.0/21
AS36925,105.191.0.0/17
AS36925,196.112.0.0/12
AS36925,196.118.192.0/18
AS36925,196.118.64.0/18
AS36925,196.119.0.0/16
AS36925,196.120.104.0/21
AS36925,196.120.120.0/21
AS36925,196.120.136.0/21
AS36925,196.120.152.0/21
AS36925,196.120.168.0/21
AS36925,196.120.184.0/21
AS36925,196.120.200.0/21
AS36925,196.120.216.0/21
AS36925,196.120.232.0/21
AS36925,196.120.24.0/21
AS36925,196.120.248.0/21
AS36925,196.120.40.0/21
AS36925,196.120.56.0/21
AS36925,196.120.72.0/21
AS36925,196.120.8.0/21
AS36925,196.120.88.0/21
AS36925,196.126.192.0/18
AS36925,196.126.64.0/18
AS36925,196.127.192.0/18
AS36925,196.127.64.0/18
AS36925,197.153.0.0/16
AS36925,197.230.0.0/16
AS36925,197.230.0.0/17
AS36925,197.230.128.0/17
AS36925,197.230.237.0/24
AS36925,197.230.31.0/24
AS36925,197.230.37.0/24
AS36925,197.230.40.0/24
AS36925,197.230.59.0/24
AS36925,197.230.70.0/24
AS36925,197.247.0.0/16
AS36925,197.247.192.0/18
AS36925,197.247.64.0/18
AS36925,197.253.128.0/17
AS36925,197.253.160.0/19
AS36925,197.253.224.0/19
AS36925,41.205.192.0/19
AS36925,41.214.128.0/17
AS36925,41.214.128.0/19
AS36925,41.214.160.0/19
AS36925,41.214.176.0/20
AS36925,41.214.192.0/18
AS36925,41.87.128.0/19
AS36925,41.87.128.0/20
AS36925,41.87.144.0/20
AS36925,41.92.0.0/17
AS36925,45.216.0.0/14
AS36925,45.216.0.0/16
AS36925,45.217.0.0/16
AS36925,45.219.192.0/18
AS36925,45.219.64.0/18
AS36941,196.2.80.0/20
AS36941,196.223.176.0/20
AS36941,41.216.224.0/22
AS36956,194.204.217.0/24
AS37738,102.210.212.0/24
AS37738,102.210.213.0/24
AS37738,102.210.214.0/24
AS37738,102.210.215.0/24
AS37738,154.70.200.0/24
AS37738,154.70.201.0/24
AS37738,154.70.202.0/24
AS37738,154.70.203.0/24
AS37738,154.70.204.0/23
AS37738,154.70.206.0/24
AS37738,154.70.207.0/24
AS6713,102.48.0.0/13
AS6713,102.48.64.0/18
AS6713,102.49.128.0/18
AS6713,102.50.0.0/16
AS6713,102.50.128.0/19
AS6713,102.50.224.0/20
AS6713,102.50.248.0/21
AS6713,102.54.0.0/15
AS6713,102.54.239.0/24
AS6713,102.72.0.0/13
AS6713,102.72.0.0/17
AS6713,102.72.128.0/18
AS6713,102.72.192.0/18
AS6713,102.73.0.0/16
AS6713,102.73.128.0/17
AS6713,102.75.0.0/17
AS6713,102.76.0.0/16
AS6713,102.77.0.0/18
AS6713,102.77.224.0/19
AS6713,102.78.0.0/18
AS6713,102.78.128.0/17
AS6713,102.79.0.0/16
AS6713,102.79.0.0/18
AS6713,102.79.160.0/19
AS6713,102.79.224.0/19
AS6713,105.128.0.0/11
AS6713,105.128.0.0/12
AS6713,105.128.0.0/15
AS6713,105.128.206.0/24
AS6713,105.128.207.0/24
AS6713,105.129.128.0/19
AS6713,105.129.160.0/19
AS6713,105.130.0.0/16
AS6713,105.130.128.0/17
AS6713,105.131.0.0/18
AS6713,105.131.64.0/18
AS6713,105.132.0.0/15
AS6713,105.132.0.0/18
AS6713,105.133.0.0/17
AS6713,105.133.128.0/17
AS6713,105.134.0.0/16
AS6713,105.134.0.0/18
AS6713,105.134.128.0/17
AS6713,105.135.128.0/18
AS6713,105.136.0.0/18
AS6713,105.136.206.0/23
AS6713,105.136.80.0/20
AS6713,105.137.0.0/16
AS6713,105.137.0.0/17
AS6713,105.138.0.0/17
AS6713,105.139.0.0/16
AS6713,105.139.64.0/18
AS6713,105.140.0.0/15
AS6713,105.140.128.0/17
AS6713,105.141.128.0/17
AS6713,105.143.0.0/16
AS6713,105.143.128.0/18
AS6713,105.144.64.0/18
AS6713,105.145.43.0/24
AS6713,105.145.49.0/24
AS6713,105.145.52.0/22
AS6713,105.145.56.0/21
AS6713,105.146.0.0/16
AS6713,105.146.128.0/17
AS6713,105.149.0.0/17
AS6713,105.150.0.0/16
AS6713,105.150.128.0/17
AS6713,105.151.0.0/16
AS6713,105.151.128.0/18
AS6713,105.151.192.0/18
AS6713,105.151.64.0/18
AS6713,105.152.0.0/17
AS6713,105.153.0.0/16
AS6713,105.155.248.0/24
AS6713,105.155.252.0/24
AS6713,105.159.0.0/17
AS6713,105.159.248.0/21
AS6713,105.159.251.0/24
AS6713,154.144.0.0/16
AS6713,154.144.227.0/24
AS6713,154.144.228.0/24
AS6713,154.144.236.0/24
AS6713,154.145.0.0/16
AS6713,154.146.0.0/16
AS6713,154.146.232.0/21
AS6713,154.146.240.0/21
AS6713,154.146.252.0/24
AS6713,154.146.253.0/24
AS6713,154.147.0.0/16
AS6713,154.148.0.0/15
AS6713,154.148.0.0/16
AS6713,154.149.128.0/17
AS6713,154.150.0.0/15
AS6713,154.151.0.0/17
AS6713,155.91.75.0/24
AS6713,160.105.0.0/16
AS6713,160.105.0.0/17
AS6713,160.160.0.0/15
AS6713,160.160.0.0/17
AS6713,160.161.128.0/17
AS6713,160.162.0.0/16
AS6713,160.162.0.0/17
AS6713,160.163.0.0/16
AS6713,160.164.0.0/16
AS6713,160.164.0.0/17
AS6713,160.165.0.0/16
AS6713,160.165.0.0/17
AS6713,160.165.128.0/17
AS6713,160.166.0.0/16
AS6713,160.166.128.0/17
AS6713,160.167.0.0/16
AS6713,160.167.0.0/17
AS6713,160.167.128.0/17
AS6713,160.168.0.0/13
AS6713,160.168.128.0/17
AS6713,160.170.0.0/18
AS6713,160.171.0.0/17
AS6713,160.171.128.0/17
AS6713,160.172.128.0/17
AS6713,160.174.136.0/21
AS6713,160.174.144.0/20
AS6713,160.77.0.0/16
AS6713,160.77.0.0/17
AS6713,160.89.0.0/16
AS6713,160.90.0.0/16
AS6713,193.188.7.0/24
AS6713,193.194.50.0/24
AS6713,194.204.192.0/18
AS6713,194.204.196.0/24
AS6713,196.206.0.0/16
AS6713,196.217.0.0/16
AS6713,196.66.0.0/15
AS6713,196.66.128.0/17
AS6713,196.68.0.0/15
AS6713,196.68.0.0/16
AS6713,196.69.128.0/17
AS6713,196.70.248.0/21
AS6713,196.71.0.0/16
AS6713,196.72.0.0/16
AS6713,196.73.0.0/16
AS6713,196.73.32.0/19
AS6713,196.73.64.0/20
AS6713,196.76.0.0/16
AS6713,196.78.0.0/15
AS6713,196.78.0.0/16
AS6713,196.79.0.0/16
AS6713,196.80.0.0/13
AS6713,196.80.128.0/17
AS6713,196.85.128.0/17
AS6713,196.86.0.0/18
AS6713,196.87.0.0/17
AS6713,196.87.128.0/18
AS6713,196.88.0.0/16
AS6713,196.90.0.0/15
AS6713,196.91.0.0/16
AS6713,196.92.0.0/21
AS6713,196.93.0.0/16
AS6713,196.93.192.0/18
AS6713,196.94.0.0/15
AS6713,196.95.128.0/17
AS6713,196.95.80.0/20
AS6713,196.95.96.0/19
AS6713,197.128.0.0/14
AS6713,197.128.0.0/18
AS6713,197.129.0.0/16
AS6713,197.129.112.0/21
AS6713,197.129.160.0/19
AS6713,197.129.64.0/19
AS6713,197.129.7.0/24
AS6713,197.129.8.0/21
AS6713,197.129.96.0/20
AS6713,197.131.12.0/23
AS6713,197.131.32.0/19
AS6713,197.131.4.0/23
AS6713,197.131.7.0/24
AS6713,212.217.0.0/17
AS6713,212.217.20.0/24
AS6713,212.217.36.0/24
AS6713,212.217.4.0/24
AS6713,212.217.64.0/24
AS6713,212.217.90.0/24
AS6713,41.140.0.0/14
AS6713,41.141.253.0/24
AS6713,41.248.0.0/14
AS6713,41.251.0.0/16
AS6713,41.251.240.0/20
AS6713,62.251.128.0/17
AS6713,62.251.160.0/19
AS6713,62.251.167.0/24
AS6713,81.192.0.0/16
AS6713,81.192.0.0/17
AS6713,81.192.0.0/20
AS6713,81.192.13.0/24
AS6713,81.192.147.0/24
AS6713,81.192.15.0/24
AS6713,81.192.16.0/20
AS6713,81.192.17.0/24
AS6713,81.192.176.0/24
AS6713,81.192.186.0/24
AS6713,81.192.191.0/24
AS6713,81.192.224.0/24
AS6713,81.192.226.0/23
AS6713,81.192.24.0/24
AS6713,81.192.26.0/24
AS6713,81.192.29.0/24
AS6713,81.192.32.0/20
AS6713,81.192.36.0/24
AS6713,81.192.44.0/24
AS6713,81.192.5.0/24
AS6713,81.192.62.0/23
AS6713,81.192.64.0/24
AS6713,81.192.66.0/24
AS6713,81.192.68.0/24
AS6713,81.192.87.0/24
AS6713,81.192.93.0/24
AS6713,81.192.96.0/19
