ASN,Prefix
AS10030,103.3.20.0/22
AS10030,183.171.0.0/16
AS10030,203.82.64.0/19
AS10081,116.197.0.0/17
AS10081,203.92.128.0/19
AS10204,103.229.32.0/22
AS10204,103.229.32.0/23
AS10204,103.229.34.0/24
AS10204,103.51.48.0/23
AS10204,103.51.50.0/23
AS10204,146.88.196.0/22
AS10204,202.6.248.0/22
AS10204,202.6.248.0/24
AS10204,203.115.192.0/18
AS10204,203.115.199.0/24
AS10204,203.115.200.0/24
AS10204,203.115.201.0/24
AS10204,203.115.208.0/21
AS10204,203.115.211.0/24
AS10204,203.115.225.0/24
AS10204,203.115.226.0/24
AS10204,203.115.236.0/24
AS10204,203.115.238.0/24
AS10204,203.78.200.0/22
AS10204,43.231.224.0/22
AS10204,45.115.220.0/22
AS131204,103.106.73.0/24
AS131310,103.21.252.0/22
AS131310,103.21.252.0/24
AS131310,103.21.254.0/23
AS131310,103.246.217.0/24
AS131310,103.246.88.0/22
AS131310,103.6.236.0/22
AS131310,103.6.239.0/24
AS131310,143.192.100.0/24
AS131310,143.192.101.0/24
AS131310,143.192.102.0/24
AS131310,143.192.103.0/24
AS131310,143.192.104.0/23
AS131310,143.192.105.0/24
AS131310,143.192.106.0/23
AS131310,143.192.108.0/23
AS131310,143.192.110.0/24
AS131310,143.192.111.0/24
AS131310,143.192.96.0/22
AS131310,143.192.99.0/24
AS131310,150.129.69.0/24
AS131310,150.129.70.0/23
AS131310,160.30.222.0/23
AS131310,160.30.223.0/24
AS131330,103.22.148.0/24
AS131330,103.22.149.0/24
AS131330,103.22.150.0/23
AS131330,202.88.41.0/24
AS131330,202.88.43.0/24
AS131332,103.163.4.0/24
AS131332,103.24.134.0/24
AS131684,103.69.173.0/24
AS131684,103.69.174.0/24
AS131684,103.69.175.0/24
AS131996,103.69.208.0/24
AS131996,103.69.209.0/24
AS131996,103.69.210.0/24
AS132022,103.246.204.0/23
AS132022,103.246.206.0/24
AS132022,103.246.207.0/24
AS132033,103.5.105.0/24
AS132035,103.5.180.0/22
AS132111,103.103.156.0/22
AS132111,103.13.75.0/24
AS132111,103.135.40.0/24
AS132111,103.215.136.0/22
AS132111,103.217.92.0/22
AS132111,103.219.116.0/22
AS132111,103.219.116.0/23
AS132111,103.230.124.0/22
AS132111,103.230.124.0/23
AS132111,103.230.126.0/23
AS132111,103.230.127.0/24
AS132111,103.26.170.0/23
AS132111,103.26.170.0/24
AS132111,103.28.162.0/24
AS132111,103.98.237.0/24
AS132111,113.11.188.0/23
AS132111,113.11.190.0/23
AS132111,113.11.190.0/24
AS132111,113.11.191.0/24
AS132111,116.206.248.0/22
AS132111,116.206.248.0/23
AS132170,103.26.44.0/23
AS132170,103.26.46.0/24
AS132170,103.59.218.0/23
AS132170,103.6.163.0/24
AS132196,103.238.124.0/24
AS132196,103.238.125.0/24
AS132196,103.238.126.0/24
AS132196,120.50.48.0/20
AS132196,120.50.59.0/24
AS132196,120.50.60.0/24
AS132196,43.254.76.0/24
AS132198,103.6.244.0/24
AS132198,103.6.245.0/24
AS132198,103.6.246.0/23
AS132198,43.225.108.0/24
AS132198,43.225.109.0/24
AS132198,43.225.110.0/24
AS132198,43.225.111.0/24
AS132241,103.8.24.0/22
AS132241,163.47.200.0/23
AS132241,163.47.202.0/24
AS132241,163.47.203.0/24
AS132326,103.12.144.0/22
AS132354,103.104.69.0/24
AS132354,103.14.184.0/24
AS132354,103.249.208.0/23
AS132372,103.117.20.0/24
AS132372,103.122.164.0/24
AS132372,103.161.132.0/24
AS132372,103.161.133.0/24
AS132372,103.164.203.0/24
AS132372,103.168.105.0/24
AS132372,103.175.50.0/23
AS132372,103.186.116.0/23
AS132372,103.198.26.0/23
AS132372,103.27.255.0/24
AS132372,103.28.90.0/23
AS132372,103.72.162.0/23
AS132372,103.91.194.0/24
AS132372,151.245.110.0/24
AS132372,160.187.97.0/24
AS132372,165.99.199.0/24
AS132372,172.111.129.0/24
AS132372,172.111.153.0/24
AS132372,172.111.157.0/24
AS132372,172.111.173.0/24
AS132372,172.111.186.0/24
AS132372,172.111.199.0/24
AS132372,172.111.203.0/24
AS132372,172.111.234.0/24
AS132372,172.111.236.0/23
AS132372,172.111.238.0/24
AS132372,172.111.242.0/24
AS132372,172.94.0.0/24
AS132372,172.94.102.0/24
AS132372,172.94.103.0/24
AS132372,172.94.107.0/24
AS132372,172.94.108.0/24
AS132372,172.94.112.0/24
AS132372,172.94.114.0/24
AS132372,172.94.116.0/24
AS132372,172.94.118.0/24
AS132372,172.94.121.0/24
AS132372,172.94.123.0/24
AS132372,172.94.124.0/24
AS132372,172.94.21.0/24
AS132372,172.94.22.0/24
AS132372,172.94.25.0/24
AS132372,172.94.26.0/24
AS132372,172.94.28.0/24
AS132372,172.94.37.0/24
AS132372,172.94.49.0/24
AS132372,172.94.51.0/24
AS132372,172.94.55.0/24
AS132372,172.94.56.0/23
AS132372,172.94.60.0/24
AS132372,172.94.62.0/24
AS132372,172.94.80.0/24
AS132372,172.94.82.0/24
AS132372,172.94.86.0/24
AS132372,64.69.119.0/24
AS132372,66.93.172.0/24
AS132372,87.76.160.0/24
AS132376,103.15.136.0/22
AS132434,103.21.32.0/22
AS132434,116.204.200.0/22
AS132434,141.193.40.0/24
AS132434,141.193.41.0/24
AS132434,141.193.42.0/23
AS132494,103.31.34.0/23
AS132512,103.244.191.0/24
AS132530,103.24.192.0/23
AS132531,103.135.245.0/24
AS132625,103.186.160.0/23
AS132688,103.18.0.0/22
AS132694,103.18.92.0/22
AS132720,205.174.40.0/23
AS132850,103.249.92.0/22
AS132850,202.78.24.0/24
AS132850,45.123.124.0/22
AS132874,103.26.196.0/22
AS132885,103.27.112.0/22
AS132885,103.27.112.0/24
AS132890,103.130.12.0/22
AS132890,103.130.12.0/24
AS132890,103.130.13.0/24
AS132890,103.166.206.0/23
AS132890,103.179.130.0/23
AS132890,103.179.131.0/24
AS132890,103.27.104.0/22
AS132890,103.38.192.0/22
AS132890,103.52.192.0/24
AS132890,113.52.148.0/22
AS132890,182.54.216.0/24
AS133014,161.139.0.0/17
AS133014,161.139.128.0/20
AS133014,161.139.152.0/21
AS133014,161.139.168.0/24
AS133014,161.139.208.0/20
AS133014,161.139.224.0/19
AS133113,165.99.198.0/24
AS133114,103.241.150.0/23
AS133114,103.47.154.0/24
AS133135,202.176.7.0/24
AS133169,103.86.130.0/23
AS133408,103.227.140.0/24
AS133408,103.97.142.0/23
AS133408,103.97.152.0/24
AS133421,101.78.16.0/20
AS133421,101.78.16.0/24
AS133421,101.78.18.0/23
AS133421,101.78.25.0/24
AS133421,101.78.31.0/24
AS133421,103.228.56.0/22
AS133421,103.228.56.0/23
AS133421,45.117.236.0/22
AS133421,45.117.236.0/24
AS133437,103.16.40.0/22
AS133457,103.224.215.0/24
AS133609,103.239.127.0/24
AS133755,103.39.142.0/23
AS133847,103.12.60.0/22
AS133847,103.199.148.0/22
AS133847,103.199.149.0/24
AS133847,103.199.151.0/24
AS133847,103.207.72.0/22
AS133847,103.207.72.0/24
AS133847,103.207.73.0/24
AS133847,103.38.20.0/22
AS133847,103.38.20.0/24
AS133847,103.38.21.0/24
AS133847,103.38.22.0/24
AS133847,103.43.108.0/22
AS133847,103.43.108.0/24
AS133847,103.43.111.0/24
AS133847,135.84.232.0/21
AS133847,135.84.232.0/24
AS133847,135.84.234.0/23
AS133847,135.84.237.0/24
AS133847,135.84.238.0/24
AS133847,137.59.80.0/22
AS133847,146.88.152.0/21
AS133847,146.88.153.0/24
AS133847,146.88.154.0/24
AS133847,146.88.157.0/24
AS133847,149.71.112.0/20
AS133847,149.71.112.0/24
AS133847,149.71.116.0/22
AS133847,149.71.121.0/24
AS133847,149.71.123.0/24
AS133847,149.71.124.0/24
AS133847,149.71.126.0/24
AS133847,154.83.112.0/20
AS133847,154.92.160.0/20
AS133847,154.92.160.0/23
AS133847,154.92.162.0/24
AS133847,154.92.163.0/24
AS133847,154.92.164.0/24
AS133847,154.92.165.0/24
AS133847,154.92.166.0/23
AS133847,154.92.168.0/23
AS133847,154.92.172.0/24
AS133847,154.92.175.0/24
AS133847,159.117.132.0/22
AS133847,159.117.134.0/24
AS133847,159.117.136.0/21
AS133847,159.117.137.0/24
AS133847,159.117.138.0/24
AS133847,159.117.140.0/24
AS133847,159.117.141.0/24
AS133847,159.117.201.0/24
AS133847,165.84.232.0/21
AS133847,165.84.232.0/23
AS133847,165.84.234.0/24
AS133847,165.84.235.0/24
AS133847,165.84.236.0/24
AS133847,165.84.238.0/24
AS133847,175.29.100.0/24
AS133847,175.29.102.0/24
AS133847,175.29.208.0/20
AS133847,175.29.208.0/21
AS133847,175.29.216.0/24
AS133847,175.29.218.0/23
AS133847,175.29.220.0/22
AS133847,175.29.96.0/21
AS133847,175.29.96.0/23
AS133847,175.29.98.0/24
AS133847,205.198.0.0/19
AS133847,205.198.10.0/23
AS133847,205.198.15.0/24
AS133847,205.198.19.0/24
AS133847,205.198.2.0/24
AS133847,205.198.22.0/24
AS133847,205.198.24.0/23
AS133847,205.198.28.0/24
AS133847,205.198.29.0/24
AS133847,205.198.30.0/24
AS133847,205.198.4.0/24
AS133847,205.198.5.0/24
AS133847,205.198.8.0/23
AS133847,208.66.232.0/21
AS133847,208.66.232.0/24
AS133847,208.66.235.0/24
AS133847,208.66.236.0/24
AS133847,208.66.239.0/24
AS133847,208.71.212.0/22
AS133847,208.71.214.0/24
AS133847,208.81.116.0/22
AS133847,208.81.116.0/24
AS133847,208.81.117.0/24
AS133847,208.81.118.0/24
AS133847,209.146.2.0/24
AS133847,209.146.8.0/24
AS133847,210.16.124.0/22
AS133847,210.16.125.0/24
AS133847,43.224.88.0/22
AS133847,43.224.88.0/23
AS133847,43.224.90.0/24
AS133847,43.242.108.0/22
AS133847,43.242.108.0/24
AS133847,45.200.64.0/20
AS133847,45.200.64.0/24
AS133847,45.200.66.0/23
AS133847,45.200.73.0/24
AS133847,45.200.74.0/24
AS133847,45.200.76.0/23
AS133847,45.200.80.0/22
AS133847,45.200.80.0/24
AS133847,45.200.81.0/24
AS133847,45.200.84.0/23
AS133847,45.200.90.0/23
AS133847,45.200.92.0/22
AS133847,45.204.100.0/23
AS133847,45.204.102.0/24
AS133847,45.204.104.0/24
AS133847,45.204.96.0/20
AS133847,45.204.99.0/24
AS133847,72.35.248.0/22
AS133847,72.35.248.0/24
AS133847,72.35.250.0/24
AS133847,74.114.48.0/22
AS133847,74.114.49.0/24
AS133847,74.114.50.0/24
AS133847,74.114.51.0/24
AS133889,103.76.88.0/23
AS133918,103.47.252.0/22
AS133936,103.140.138.0/23
AS133936,103.144.204.0/23
AS133936,103.155.180.0/24
AS133936,103.49.24.0/22
AS133936,103.51.41.0/24
AS133936,103.51.43.0/24
AS134066,103.50.164.0/22
AS134088,103.52.56.0/22
AS134088,45.112.196.0/22
AS134107,103.53.32.0/24
AS134107,103.53.33.0/24
AS134107,103.53.34.0/23
AS134152,103.118.20.0/22
AS134168,103.165.164.0/24
AS134202,103.246.115.0/24
AS134202,103.58.16.0/22
AS134202,103.58.16.0/23
AS134202,103.58.18.0/24
AS134202,103.58.19.0/24
AS134202,118.107.212.0/22
AS134202,202.9.37.0/24
AS134202,202.9.38.0/24
AS134202,43.225.39.0/24
AS134202,45.117.228.0/22
AS134202,45.117.228.0/23
AS134202,61.4.96.0/24
AS134232,103.60.24.0/22
AS134237,129.192.240.0/24
AS134237,169.144.24.0/24
AS134237,192.71.175.0/24
AS134468,103.160.168.0/23
AS134553,103.236.228.0/23
AS134553,103.236.230.0/24
AS134553,103.236.231.0/24
AS134553,45.126.88.0/24
AS134553,45.126.89.0/24
AS134553,45.126.90.0/23
AS134554,103.195.20.0/22
AS134573,103.120.230.0/23
AS134698,103.196.195.0/24
AS134698,103.71.58.0/24
AS134722,103.198.52.0/24
AS134722,103.198.53.0/24
AS134797,103.199.216.0/22
AS134797,103.199.216.0/24
AS134797,103.199.219.0/24
AS134809,103.12.140.0/22
AS134809,103.13.74.0/24
AS134809,103.194.80.0/22
AS134809,103.22.160.0/22
AS134809,103.231.251.0/24
AS134809,103.232.28.0/23
AS134809,103.253.105.0/24
AS134809,103.26.248.0/22
AS134809,103.92.150.0/23
AS134809,120.138.80.0/20
AS134809,163.47.88.0/22
AS134809,163.53.224.0/22
AS134809,221.133.32.0/20
AS134809,223.27.128.0/20
AS134809,43.228.200.0/22
AS134809,43.252.216.0/22
AS134809,96.9.160.0/20
AS134847,103.204.8.0/22
AS134847,202.133.80.0/24
AS135277,103.212.41.0/24
AS135277,103.96.242.0/23
AS135277,103.96.248.0/24
AS135496,103.101.254.0/24
AS135496,103.101.255.0/24
AS135496,103.219.236.0/23
AS135542,103.129.199.0/24
AS135542,103.64.12.0/24
AS135542,103.64.13.0/24
AS135542,103.78.242.0/24
AS135542,141.140.14.0/24
AS135542,144.79.118.0/23
AS135542,151.247.247.0/24
AS135542,31.57.65.0/24
AS135551,103.222.236.0/23
AS135553,103.65.188.0/22
AS135553,202.3.75.0/24
AS135553,203.20.63.0/24
AS135553,203.28.143.0/24
AS135553,203.34.154.0/24
AS135580,103.65.176.0/22
AS135580,45.255.252.0/22
AS136412,103.133.132.0/23
AS136412,103.86.178.0/23
AS136492,205.174.43.0/24
AS136492,205.174.45.0/24
AS136533,103.91.240.0/22
AS136533,123.253.72.0/22
AS136552,103.92.148.0/23
AS136552,210.24.100.0/22
AS136727,103.191.76.0/24
AS136749,103.95.32.0/22
AS136749,103.95.33.0/24
AS136749,103.95.34.0/24
AS136749,103.95.35.0/24
AS136749,36.50.230.0/23
AS136751,103.95.37.0/24
AS136962,103.110.68.0/22
AS136978,103.54.110.0/24
AS136983,103.100.200.0/24
AS137005,103.101.244.0/24
AS137005,103.101.245.0/24
AS137005,103.101.246.0/24
AS137005,103.101.247.0/24
AS137050,103.100.204.0/23
AS137050,103.100.206.0/24
AS137050,103.100.207.0/24
AS137240,103.105.138.0/24
AS137397,103.107.87.0/24
AS137510,103.111.72.0/23
AS137510,103.111.74.0/24
AS137510,103.111.75.0/24
AS137510,103.132.160.0/24
AS137510,103.141.124.0/24
AS137510,103.141.125.0/24
AS137510,103.220.4.0/22
AS137510,103.220.5.0/24
AS137510,103.226.126.0/24
AS137510,154.205.187.0/24
AS137510,45.204.68.0/24
AS137552,160.30.209.0/24
AS137552,160.30.4.0/23
AS137552,163.61.102.0/23
AS137552,45.249.91.0/24
AS137839,103.140.56.0/23
AS137845,103.115.168.0/22
AS137923,103.117.81.0/24
AS137923,103.119.34.0/24
AS137963,103.118.156.0/24
AS138040,103.120.136.0/24
AS138148,103.198.68.0/22
AS138339,103.130.148.0/22
AS138359,103.130.153.0/24
AS138359,103.143.219.0/24
AS138361,103.131.140.0/23
AS138361,103.131.142.0/23
AS138391,160.187.133.0/24
AS138504,103.127.50.0/23
AS138663,103.106.6.0/24
AS138663,103.106.7.0/24
AS138663,103.117.164.0/23
AS138663,203.78.162.0/24
AS138663,43.239.204.0/24
AS138663,43.239.205.0/24
AS138673,103.136.11.0/24
AS138996,103.138.64.0/22
AS139241,103.140.61.0/24
AS139605,103.142.54.0/23
AS139605,103.142.54.0/24
AS139605,103.150.156.0/23
AS139605,103.151.204.0/23
AS139619,223.119.255.0/24
AS139730,103.144.68.0/24
AS139761,103.144.184.0/24
AS139761,103.144.185.0/24
AS139765,103.144.50.0/24
AS139776,170.38.0.0/16
AS139776,170.38.254.0/24
AS139815,103.145.154.0/23
AS139815,103.145.154.0/24
AS139830,103.145.216.0/23
AS139886,103.161.166.0/23
AS139899,103.146.226.0/23
AS139923,102.204.222.0/23
AS139923,138.252.248.0/23
AS139923,154.95.24.0/24
AS139923,156.235.104.0/22
AS140092,103.148.105.0/24
AS140344,103.230.56.0/24
AS140344,103.230.58.0/24
AS140344,157.10.54.0/23
AS140586,103.150.188.0/23
AS140586,103.6.119.0/24
AS140586,103.82.230.0/23
AS140586,138.252.63.0/24
AS140625,103.151.62.0/24
AS140625,103.164.234.0/24
AS140710,103.152.12.0/23
AS140866,103.141.84.0/23
AS140866,103.152.166.0/23
AS140866,103.152.166.0/24
AS140904,103.153.46.0/24
AS140942,103.153.172.0/23
AS140970,103.154.10.0/23
AS140971,103.154.14.0/23
AS141011,103.17.19.0/24
AS141011,165.99.155.0/24
AS141158,103.155.132.0/23
AS141158,141.11.101.0/24
AS141158,154.16.136.0/24
AS141158,2.57.16.0/24
AS141158,82.118.31.0/24
AS141201,103.156.82.0/23
AS141201,103.156.83.0/24
AS141201,103.233.160.0/23
AS141201,103.233.161.0/24
AS141201,103.42.206.0/23
AS141201,103.8.146.0/24
AS141201,163.53.155.0/24
AS141201,192.82.80.0/23
AS141201,192.82.81.0/24
AS141201,192.82.84.0/23
AS141201,192.82.84.0/24
AS141201,43.251.18.0/23
AS141201,43.251.19.0/24
AS141201,45.124.98.0/23
AS141201,45.124.99.0/24
AS141206,103.156.84.0/24
AS141424,103.159.8.0/23
AS141441,103.141.171.0/24
AS141774,103.163.222.0/24
AS141774,103.163.223.0/24
AS141987,103.170.206.0/23
AS141987,103.191.74.0/23
AS141987,203.145.50.0/23
AS141999,103.164.66.0/24
AS142263,144.79.123.0/24
AS142288,103.167.117.0/24
AS142412,103.168.6.0/23
AS142607,103.170.171.0/24
AS142628,103.171.42.0/24
AS142631,103.171.104.0/23
AS142631,103.208.66.0/24
AS142631,103.229.232.0/24
AS142631,160.191.18.0/24
AS142631,160.191.19.0/24
AS146993,154.203.16.0/20
AS146993,154.203.16.0/22
AS146993,154.203.20.0/23
AS146993,154.203.22.0/23
AS146993,154.203.24.0/23
AS146993,154.203.26.0/24
AS146993,154.203.27.0/24
AS146993,154.203.28.0/23
AS146993,154.203.30.0/24
AS146993,154.203.31.0/24
AS146993,175.29.148.0/22
AS146993,175.29.152.0/21
AS146993,175.29.152.0/24
AS146993,175.29.153.0/24
AS146993,175.29.154.0/24
AS146993,175.29.155.0/24
AS146993,175.29.156.0/22
AS147040,103.173.114.0/23
AS147040,103.194.214.0/23
AS147040,103.218.224.0/23
AS147040,103.35.136.0/22
AS147040,111.67.40.0/24
AS147040,144.79.80.0/23
AS147040,160.25.70.0/23
AS147040,163.47.26.0/23
AS147040,202.87.100.0/22
AS147040,202.87.112.0/21
AS147040,202.87.120.0/22
AS147040,61.4.108.0/24
AS147296,103.174.136.0/24
AS147296,103.174.137.0/24
AS148994,45.200.86.0/23
AS148994,45.200.86.0/24
AS148994,45.200.88.0/23
AS149051,103.177.134.0/23
AS149440,103.179.142.0/24
AS149440,103.179.143.0/24
AS149440,108.165.100.0/24
AS149440,108.165.147.0/24
AS149440,108.165.155.0/24
AS149440,108.165.177.0/24
AS149440,108.165.183.0/24
AS149440,108.165.255.0/24
AS149440,108.165.64.0/24
AS149440,136.0.0.0/24
AS149440,136.0.1.0/24
AS149440,136.0.10.0/24
AS149440,136.0.11.0/24
AS149440,136.0.110.0/24
AS149440,136.0.141.0/24
AS149440,136.0.254.0/24
AS149440,136.0.3.0/24
AS149440,136.0.7.0/24
AS149440,136.0.8.0/24
AS149440,136.0.9.0/24
AS149440,142.111.135.0/24
AS149440,142.111.143.0/24
AS149440,142.111.146.0/24
AS149440,142.111.15.0/24
AS149440,142.111.194.0/24
AS149440,142.111.77.0/24
AS149440,151.158.0.0/24
AS149440,151.158.1.0/24
AS149440,154.81.220.0/24
AS149440,154.91.0.0/24
AS149440,155.254.60.0/24
AS149440,156.225.64.0/24
AS149440,156.227.0.0/24
AS149440,156.235.89.0/24
AS149440,156.236.76.0/24
AS149440,166.0.106.0/24
AS149440,166.0.132.0/24
AS149440,166.0.150.0/24
AS149440,166.0.253.0/24
AS149440,166.88.1.0/24
AS149440,166.88.100.0/24
AS149440,166.88.101.0/24
AS149440,166.88.11.0/24
AS149440,166.88.114.0/24
AS149440,166.88.117.0/24
AS149440,166.88.132.0/24
AS149440,166.88.134.0/24
AS149440,166.88.14.0/24
AS149440,166.88.141.0/24
AS149440,166.88.167.0/24
AS149440,166.88.194.0/24
AS149440,166.88.198.0/24
AS149440,166.88.2.0/24
AS149440,166.88.209.0/24
AS149440,166.88.35.0/24
AS149440,166.88.4.0/24
AS149440,166.88.54.0/24
AS149440,166.88.55.0/24
AS149440,166.88.57.0/24
AS149440,166.88.6.0/24
AS149440,166.88.61.0/24
AS149440,166.88.7.0/24
AS149440,166.88.73.0/24
AS149440,166.88.77.0/24
AS149440,166.88.8.0/24
AS149440,166.88.90.0/24
AS149440,166.88.95.0/24
AS149440,166.88.96.0/24
AS149440,166.88.97.0/24
AS149440,166.88.98.0/23
AS149440,168.93.198.0/24
AS149440,168.93.214.0/24
AS149440,172.121.5.0/24
AS149440,172.252.217.0/24
AS149440,185.132.54.0/24
AS149440,193.247.144.0/24
AS149440,193.57.57.0/24
AS149440,198.105.126.0/24
AS149440,198.105.127.0/24
AS149440,198.20.133.0/24
AS149440,198.20.153.0/24
AS149440,202.61.72.0/24
AS149440,202.61.74.0/23
AS149440,205.186.64.0/24
AS149440,205.186.67.0/24
AS149440,216.173.64.0/23
AS149440,216.173.66.0/24
AS149440,216.173.67.0/24
AS149440,223.165.6.0/24
AS149440,23.230.239.0/24
AS149440,23.26.201.0/24
AS149440,23.26.204.0/24
AS149440,23.26.237.0/24
AS149440,23.27.0.0/24
AS149440,23.27.11.0/24
AS149440,23.27.113.0/24
AS149440,23.27.119.0/24
AS149440,23.27.12.0/24
AS149440,23.27.120.0/23
AS149440,23.27.123.0/24
AS149440,23.27.124.0/24
AS149440,23.27.125.0/24
AS149440,23.27.126.0/24
AS149440,23.27.13.0/24
AS149440,23.27.140.0/22
AS149440,23.27.163.0/24
AS149440,23.27.164.0/24
AS149440,23.27.168.0/24
AS149440,23.27.169.0/24
AS149440,23.27.175.0/24
AS149440,23.27.176.0/23
AS149440,23.27.186.0/24
AS149440,23.27.199.0/24
AS149440,23.27.20.0/24
AS149440,23.27.200.0/24
AS149440,23.27.201.0/24
AS149440,23.27.202.0/24
AS149440,23.27.22.0/24
AS149440,23.27.24.0/24
AS149440,23.27.240.0/24
AS149440,23.27.244.0/23
AS149440,23.27.25.0/24
AS149440,23.27.26.0/24
AS149440,23.27.28.0/24
AS149440,23.27.46.0/23
AS149440,23.27.48.0/24
AS149440,23.27.49.0/24
AS149440,23.27.50.0/23
AS149440,23.27.52.0/24
AS149440,23.27.53.0/24
AS149440,23.27.96.0/24
AS149440,23.27.98.0/24
AS149440,23.27.99.0/24
AS149440,38.211.230.0/24
AS149440,38.225.209.0/24
AS149440,38.226.20.0/24
AS149440,38.246.69.0/24
AS149440,38.246.70.0/23
AS149440,38.246.72.0/24
AS149440,38.246.73.0/24
AS149440,38.95.173.0/24
AS149440,45.134.36.0/24
AS149440,45.194.27.0/24
AS149440,45.195.69.0/24
AS149440,45.195.76.0/24
AS149440,45.249.90.0/24
AS149440,50.114.113.0/24
AS149440,50.114.5.0/24
AS149440,50.114.59.0/24
AS149440,91.218.183.0/24
AS149440,96.126.130.0/24
AS149440,96.126.179.0/24
AS149440,96.126.190.0/24
AS149440,96.126.191.0/24
AS149494,103.181.50.0/24
AS149849,103.188.88.0/24
AS150172,103.10.78.0/24
AS150172,103.2.80.0/24
AS150172,103.27.72.0/23
AS150172,103.27.75.0/24
AS150172,210.79.174.0/23
AS150172,220.158.202.0/24
AS150425,103.186.110.0/24
AS150455,103.47.130.0/23
AS150712,103.66.150.0/23
AS150734,103.151.12.0/24
AS151345,103.206.24.0/24
AS151406,103.224.93.0/24
AS151406,115.187.22.0/24
AS151470,103.229.234.0/23
AS151664,103.253.100.0/23
AS151813,103.131.134.0/23
AS151834,103.217.70.0/23
AS152113,203.3.88.0/23
AS152153,113.192.49.0/24
AS152343,157.15.30.0/23
AS152635,202.0.81.0/24
AS152652,202.20.64.0/24
AS152742,160.25.140.0/24
AS152847,103.153.98.0/23
AS153334,160.187.96.0/24
AS153398,160.191.194.0/24
AS153398,160.191.195.0/24
AS153706,103.133.136.0/23
AS153706,103.228.64.0/23
AS153706,104.253.124.0/23
AS153706,154.193.211.0/24
AS153706,154.89.194.0/24
AS153706,156.254.20.0/23
AS153706,163.223.146.0/23
AS153706,172.252.172.0/23
AS153706,172.252.173.0/24
AS153706,172.252.224.0/23
AS153706,43.229.152.0/23
AS153706,43.229.153.0/24
AS153706,66.212.56.0/23
AS153706,66.212.58.0/23
AS153710,163.223.158.0/23
AS153710,163.223.158.0/24
AS153930,165.99.144.0/23
AS153933,103.72.100.0/24
AS154166,203.174.16.0/23
AS154170,202.6.194.0/23
AS154220,203.34.238.0/24
AS154283,138.252.4.0/23
AS154321,103.117.120.0/22
AS154321,103.23.148.0/23
AS154321,107.151.244.0/22
AS154321,138.252.106.0/23
AS154321,156.224.18.0/23
AS154321,156.224.28.0/23
AS154321,156.226.176.0/22
AS154321,156.239.0.0/20
AS154321,156.239.224.0/20
AS154321,156.239.237.0/24
AS154321,156.239.248.0/22
AS154321,156.239.248.0/24
AS154321,162.211.180.0/22
AS154321,162.251.92.0/22
AS154321,172.98.22.0/23
AS154321,191.40.32.0/21
AS154321,198.44.170.0/24
AS154321,198.44.176.0/22
AS154321,209.248.24.0/21
AS154358,138.252.188.0/23
AS154376,154.193.240.0/21
AS154376,154.89.151.0/24
AS154376,154.89.152.0/23
AS154376,154.89.157.0/24
AS154376,156.254.5.0/24
AS154376,186.244.224.0/22
AS154376,186.244.228.0/23
AS154376,186.244.230.0/24
AS154376,186.244.231.0/24
AS154376,186.244.232.0/23
AS154376,186.244.234.0/24
AS154376,186.244.235.0/24
AS154376,186.244.236.0/22
AS154376,38.12.35.0/24
AS154376,38.12.37.0/24
AS154376,38.12.38.0/23
AS154376,38.55.252.0/23
AS154376,38.55.254.0/24
AS154451,144.79.175.0/24
AS154516,151.158.198.0/23
AS154600,27.110.95.0/24
AS17564,103.8.144.0/23
AS17564,103.8.147.0/24
AS17564,103.8.160.0/22
AS17564,150.242.180.0/22
AS17564,163.53.152.0/23
AS17564,163.53.154.0/24
AS17564,202.75.4.0/22
AS17564,203.217.176.0/22
AS17666,111.67.32.0/24
AS17666,111.67.33.0/24
AS17666,111.67.34.0/23
AS17666,111.67.38.0/23
AS17666,111.67.42.0/23
AS17666,111.67.44.0/24
AS17666,111.67.45.0/24
AS17666,111.67.46.0/24
AS17666,111.67.47.0/24
AS17666,202.87.104.0/21
AS17666,202.87.124.0/23
AS17666,202.87.96.0/22
AS17666,202.9.104.0/22
AS17666,202.9.96.0/21
AS17666,43.246.164.0/24
AS17666,43.246.166.0/23
AS17736,202.94.167.0/24
AS17971,112.137.163.0/24
AS17971,112.137.164.0/24
AS17971,112.137.166.0/24
AS17971,112.137.168.0/22
AS17971,112.137.172.0/24
AS17971,112.137.174.0/23
AS17971,119.110.100.0/24
AS17971,119.110.105.0/24
AS17971,119.110.109.0/24
AS17971,119.110.110.0/24
AS17971,202.71.100.0/24
AS17971,202.71.102.0/23
AS17971,202.71.104.0/23
AS17971,202.71.106.0/24
AS17971,202.71.111.0/24
AS17971,202.71.96.0/23
AS17971,202.71.98.0/24
AS17971,202.75.40.0/24
AS17971,202.75.48.0/24
AS17971,202.75.52.0/22
AS17971,202.75.58.0/24
AS17971,202.75.60.0/23
AS17971,202.75.62.0/23
AS17971,210.48.144.0/20
AS17971,210.48.157.0/24
AS17971,49.236.193.0/24
AS17971,49.236.198.0/24
AS17971,49.236.202.0/24
AS17971,49.236.205.0/24
AS18206,112.137.162.0/24
AS18206,112.137.165.0/24
AS18206,119.110.107.0/24
AS18206,119.110.108.0/24
AS18206,119.110.97.0/24
AS18206,119.110.99.0/24
AS18206,124.197.224.0/23
AS18206,124.197.233.0/24
AS18206,124.197.239.0/24
AS18206,202.162.16.0/23
AS18206,202.162.18.0/23
AS18206,202.162.18.0/24
AS18206,202.162.21.0/24
AS18206,202.162.23.0/24
AS18206,202.162.24.0/22
AS18206,202.162.28.0/24
AS18206,202.162.29.0/24
AS18206,202.165.12.0/24
AS18206,202.165.14.0/23
AS18206,202.165.16.0/23
AS18206,202.165.20.0/22
AS18206,202.165.24.0/23
AS18206,202.165.26.0/23
AS18206,202.165.28.0/22
AS18206,202.165.3.0/24
AS18206,202.165.4.0/23
AS18206,202.165.6.0/24
AS18206,202.71.101.0/24
AS18206,202.75.33.0/24
AS18206,202.75.37.0/24
AS18206,202.75.38.0/24
AS18206,202.75.45.0/24
AS18206,202.75.51.0/24
AS18206,202.75.60.0/23
AS18206,203.10.16.0/21
AS18206,203.153.80.0/20
AS18206,210.48.144.0/24
AS18206,210.48.146.0/24
AS18206,210.48.148.0/23
AS18206,210.48.151.0/24
AS18206,210.48.155.0/24
AS18206,210.48.156.0/23
AS18206,49.236.192.0/24
AS18206,49.236.194.0/23
AS18206,49.236.197.0/24
AS18206,49.236.199.0/24
AS18206,49.236.200.0/24
AS18206,49.236.203.0/24
AS18206,49.236.204.0/24
AS204535,198.1.240.0/24
AS212083,147.189.161.0/24
AS23659,103.235.28.0/22
AS23659,202.171.32.0/23
AS23659,202.171.34.0/24
AS23659,202.171.35.0/24
AS23659,202.171.36.0/24
AS23659,202.171.38.0/23
AS23659,202.171.41.0/24
AS23659,202.171.42.0/23
AS23659,202.171.45.0/24
AS23659,202.171.46.0/23
AS23678,103.12.64.0/22
AS23678,103.12.65.0/24
AS23678,103.12.66.0/23
AS23678,103.137.120.0/22
AS23678,103.221.60.0/23
AS23678,103.221.62.0/24
AS23678,103.243.192.0/22
AS23678,103.243.192.0/23
AS23678,103.243.194.0/24
AS23678,122.0.16.0/20
AS23678,122.0.16.0/21
AS23678,122.0.24.0/23
AS23678,122.0.27.0/24
AS23678,122.0.28.0/23
AS23678,122.0.30.0/24
AS23678,150.107.156.0/24
AS23678,150.107.157.0/24
AS23678,150.107.158.0/23
AS23678,202.133.100.0/24
AS23678,202.133.103.0/24
AS23678,202.133.104.0/22
AS23678,202.133.106.0/24
AS23678,202.133.96.0/20
AS23678,202.133.96.0/21
AS23678,202.133.96.0/24
AS23678,202.133.97.0/24
AS23678,202.133.98.0/23
AS23678,27.131.32.0/19
AS23678,27.131.32.0/23
AS23678,27.131.34.0/24
AS23678,27.131.35.0/24
AS23678,27.131.36.0/22
AS23678,27.131.40.0/22
AS23678,27.131.44.0/23
AS23678,27.131.47.0/24
AS23678,27.131.48.0/22
AS23678,27.131.52.0/24
AS23678,27.131.55.0/24
AS23678,27.131.56.0/23
AS23678,27.131.59.0/24
AS23678,27.131.61.0/24
AS23678,43.252.44.0/22
AS23678,43.252.47.0/24
AS24020,202.58.80.0/24
AS24020,202.58.81.0/24
AS24020,202.58.82.0/23
AS24020,202.58.84.0/22
AS24020,202.58.88.0/24
AS24020,202.58.89.0/24
AS24020,202.58.90.0/24
AS24020,202.58.91.0/24
AS24020,202.58.92.0/23
AS24020,202.58.94.0/24
AS24020,202.58.95.0/24
AS24028,103.21.152.0/22
AS24028,103.251.201.0/24
AS24028,182.54.192.0/19
AS24028,202.171.59.0/24
AS24028,202.46.112.0/20
AS24028,202.46.118.0/24
AS24028,202.46.123.0/24
AS24028,202.46.126.0/24
AS24028,203.142.32.0/19
AS24028,203.142.38.0/24
AS24028,203.142.56.0/24
AS24028,43.251.136.0/23
AS24028,43.251.139.0/24
AS24062,23.156.116.0/24
AS24062,23.156.132.0/24
AS24062,23.156.148.0/24
AS24068,103.251.200.0/22
AS24068,103.251.202.0/23
AS24068,202.133.81.0/24
AS24068,202.133.83.0/24
AS24068,202.171.48.0/20
AS24068,202.171.48.0/22
AS24068,45.116.236.0/24
AS24068,45.116.237.0/24
AS24090,202.170.48.0/22
AS24090,202.170.48.0/24
AS24090,202.170.51.0/24
AS24090,202.170.52.0/23
AS24090,202.170.53.0/24
AS24090,202.170.56.0/21
AS24090,202.170.56.0/23
AS24090,202.170.60.0/23
AS24218,103.3.72.0/23
AS24218,103.3.74.0/23
AS24218,116.0.96.0/19
AS24218,119.110.0.0/18
AS24218,119.110.128.0/18
AS24218,124.158.224.0/19
AS24218,202.76.224.0/20
AS24218,203.223.128.0/19
AS24218,61.11.208.0/20
AS24218,61.11.223.0/24
AS24314,202.45.132.0/23
AS24321,202.87.216.0/22
AS24514,103.17.78.0/24
AS24514,103.26.47.0/24
AS24514,103.26.74.0/23
AS24514,122.129.120.0/21
AS24514,150.129.184.0/23
AS24514,150.129.185.0/24
AS24514,150.129.186.0/24
AS24514,203.80.16.0/21
AS38005,202.45.138.0/23
AS38005,202.45.140.0/23
AS38005,202.45.142.0/24
AS38005,202.45.143.0/24
AS38006,203.189.16.0/21
AS38044,103.245.88.0/22
AS38044,175.28.12.0/22
AS38044,202.60.56.0/22
AS38044,203.12.220.0/24
AS38044,203.62.1.0/24
AS38044,43.252.232.0/22
AS38182,113.23.128.0/17
AS38182,113.23.135.0/24
AS38182,113.23.151.0/24
AS38182,113.23.159.0/24
AS38182,113.23.162.0/24
AS38182,113.23.165.0/24
AS38182,113.23.171.0/24
AS38182,113.23.173.0/24
AS38182,113.23.182.0/24
AS38182,113.23.196.0/24
AS38182,113.23.200.0/24
AS38182,113.23.208.0/24
AS38182,113.23.212.0/24
AS38182,203.188.232.0/21
AS38182,203.188.232.0/23
AS38182,203.188.234.0/24
AS38182,203.188.238.0/24
AS38182,203.188.239.0/24
AS38182,58.84.16.0/22
AS38182,58.84.17.0/24
AS38278,103.248.108.0/22
AS38278,103.251.0.0/22
AS38278,111.221.48.0/21
AS38278,202.169.24.0/21
AS38278,202.169.31.0/24
AS38278,45.114.28.0/22
AS38322,122.255.96.0/19
AS38322,42.153.128.0/20
AS38322,42.153.16.0/24
AS38322,42.153.19.0/24
AS38322,42.153.20.0/24
AS38322,42.153.21.0/24
AS38322,42.153.22.0/23
AS38322,42.153.24.0/23
AS38322,42.153.26.0/24
AS38322,42.153.89.0/24
AS38466,103.1.144.0/22
AS38466,113.30.232.0/21
AS38466,123.136.96.0/19
AS38466,188.214.64.0/20
AS38466,203.168.160.0/19
AS38466,27.125.224.0/19
AS38466,27.125.240.0/22
AS38466,27.125.244.0/22
AS38466,27.125.248.0/23
AS38466,27.125.250.0/24
AS38466,27.125.251.0/24
AS38466,66.23.160.0/19
AS38868,103.133.192.0/23
AS38868,103.133.192.0/24
AS38868,103.133.194.0/23
AS38868,119.40.112.0/20
AS38891,103.142.66.0/24
AS38891,103.198.84.0/22
AS38891,103.242.16.0/22
AS38891,103.242.17.0/24
AS38891,116.206.24.0/24
AS38891,116.206.26.0/24
AS38891,202.176.12.0/24
AS38891,203.99.136.0/22
AS38891,203.99.136.0/24
AS38891,223.25.248.0/22
AS38891,223.25.251.0/24
AS402415,2.26.171.0/24
AS402415,31.77.238.0/24
AS45121,103.221.63.0/24
AS45121,122.0.31.0/24
AS45121,202.133.108.0/22
AS45121,202.133.111.0/24
AS45121,27.131.62.0/23
AS45144,103.211.239.0/24
AS45144,103.4.4.0/23
AS45144,103.4.6.0/24
AS45144,103.4.7.0/24
AS45144,103.78.47.0/24
AS45144,103.78.48.0/23
AS45144,182.239.40.0/22
AS45144,220.158.208.0/23
AS45144,43.252.36.0/24
AS45144,43.252.37.0/24
AS45144,43.252.38.0/24
AS45331,103.4.88.0/22
AS45331,115.85.128.0/24
AS45344,210.48.216.0/21
AS45352,103.10.156.0/22
AS45352,103.12.152.0/23
AS45352,103.12.152.0/24
AS45352,103.12.154.0/24
AS45352,103.12.155.0/24
AS45352,103.17.208.0/22
AS45352,103.197.56.0/22
AS45352,103.197.57.0/24
AS45352,103.197.58.0/24
AS45352,103.209.156.0/23
AS45352,103.209.158.0/24
AS45352,103.209.159.0/24
AS45352,103.21.180.0/23
AS45352,103.21.182.0/23
AS45352,103.23.45.0/24
AS45352,103.3.172.0/22
AS45352,103.40.204.0/24
AS45352,103.40.205.0/24
AS45352,103.40.206.0/23
AS45352,103.57.188.0/24
AS45352,103.57.189.0/24
AS45352,103.57.190.0/23
AS45352,103.67.36.0/22
AS45352,103.83.168.0/22
AS45352,103.93.72.0/22
AS45352,118.107.200.0/23
AS45352,118.107.202.0/24
AS45352,118.107.203.0/24
AS45352,118.107.204.0/24
AS45352,118.107.205.0/24
AS45352,118.107.206.0/23
AS45352,118.107.208.0/23
AS45352,118.107.210.0/24
AS45352,118.107.211.0/24
AS45352,118.107.232.0/22
AS45352,118.107.236.0/24
AS45352,118.107.237.0/24
AS45352,118.107.238.0/23
AS45352,118.107.240.0/24
AS45352,118.107.241.0/24
AS45352,118.107.242.0/23
AS45352,123.253.112.0/22
AS45352,14.102.144.0/23
AS45352,14.102.146.0/24
AS45352,14.102.147.0/24
AS45352,14.102.148.0/22
AS45352,14.192.64.0/23
AS45352,14.192.66.0/24
AS45352,14.192.70.0/24
AS45352,14.192.71.0/24
AS45352,162.253.16.0/22
AS45352,183.81.160.0/21
AS45352,192.82.56.0/23
AS45352,192.82.58.0/24
AS45352,192.82.59.0/24
AS45352,192.82.60.0/23
AS45352,192.82.62.0/24
AS45352,192.82.63.0/24
AS45352,203.89.112.0/22
AS45352,210.5.40.0/21
AS45352,212.8.230.0/23
AS45352,212.8.254.0/23
AS45352,212.92.102.0/23
AS45352,36.255.140.0/22
AS45352,38.126.128.0/24
AS45352,43.228.244.0/22
AS45352,43.228.246.0/24
AS45352,43.246.176.0/22
AS45352,43.251.208.0/22
AS45352,43.252.152.0/22
AS45352,45.117.120.0/23
AS45352,45.117.122.0/24
AS45352,45.64.168.0/24
AS45352,45.64.169.0/24
AS45352,45.64.170.0/23
AS45352,58.84.10.0/24
AS45352,58.84.11.0/24
AS45352,58.84.40.0/24
AS45352,58.84.41.0/24
AS45352,58.84.42.0/23
AS45352,58.84.8.0/23
AS45410,163.61.92.0/23
AS45410,202.168.64.0/20
AS45410,202.168.76.0/24
AS45410,202.168.78.0/23
AS45630,203.201.184.0/22
AS45668,103.123.237.0/24
AS45668,110.74.128.0/23
AS45668,110.74.130.0/23
AS45668,110.74.132.0/22
AS45668,110.74.136.0/23
AS45668,110.74.138.0/24
AS45668,110.74.139.0/24
AS45668,110.74.140.0/22
AS45668,110.74.144.0/20
AS45668,110.74.149.0/24
AS45668,110.74.150.0/24
AS45668,110.74.160.0/23
AS45668,110.74.162.0/23
AS45668,110.74.164.0/22
AS45668,110.74.168.0/21
AS45668,110.74.176.0/21
AS45668,110.74.184.0/22
AS45668,110.74.188.0/23
AS45668,110.74.191.0/24
AS45785,183.78.168.0/23
AS45785,183.78.170.0/24
AS45785,183.78.171.0/24
AS45785,202.43.100.0/24
AS45785,202.43.101.0/24
AS45785,202.43.102.0/24
AS45785,210.1.224.0/23
AS45785,210.1.226.0/24
AS45785,210.1.227.0/24
AS45785,210.1.228.0/24
AS45785,210.1.229.0/24
AS45785,210.1.230.0/23
AS45808,203.135.190.0/24
AS45808,203.135.191.0/24
AS45810,203.217.128.0/22
AS45810,203.217.128.0/23
AS45810,203.217.130.0/24
AS45839,101.99.64.0/21
AS45839,101.99.72.0/23
AS45839,101.99.74.0/24
AS45839,101.99.75.0/24
AS45839,101.99.76.0/24
AS45839,101.99.77.0/24
AS45839,101.99.78.0/24
AS45839,101.99.79.0/24
AS45839,101.99.80.0/21
AS45839,101.99.88.0/22
AS45839,101.99.92.0/24
AS45839,101.99.93.0/24
AS45839,101.99.94.0/24
AS45839,101.99.95.0/24
AS45839,103.155.92.0/23
AS45839,111.90.128.0/21
AS45839,111.90.136.0/23
AS45839,111.90.138.0/23
AS45839,111.90.140.0/22
AS45839,111.90.144.0/21
AS45839,111.90.152.0/22
AS45839,111.90.156.0/24
AS45839,111.90.158.0/23
AS45839,111.90.158.0/24
AS45839,124.217.224.0/21
AS45839,124.217.232.0/24
AS45839,124.217.233.0/24
AS45839,124.217.234.0/24
AS45839,124.217.235.0/24
AS45839,124.217.236.0/23
AS45839,124.217.238.0/24
AS45839,124.217.240.0/20
AS45839,38.133.213.0/24
AS45839,38.134.3.0/24
AS45839,78.40.143.0/24
AS45909,129.192.242.0/24
AS45909,129.192.243.0/24
AS45909,130.100.173.0/24
AS45909,130.100.175.0/24
AS45945,103.1.148.0/22
AS45945,124.150.140.0/22
AS45945,43.245.125.0/24
AS45960,103.1.68.0/22
AS45960,103.224.196.0/22
AS45960,103.229.56.0/24
AS45960,103.229.58.0/23
AS45960,103.61.124.0/22
AS45960,124.195.128.0/20
AS45960,14.1.128.0/17
AS45960,14.1.183.0/24
AS45960,14.1.187.0/24
AS45960,14.1.190.0/23
AS45960,14.1.210.0/24
AS45960,14.1.223.0/24
AS45960,14.1.224.0/22
AS45960,163.47.192.0/22
AS45960,183.78.0.0/17
AS45960,183.78.12.0/24
AS45960,183.78.124.0/22
AS45960,183.78.44.0/22
AS45960,183.78.51.0/24
AS45960,183.78.52.0/22
AS45960,183.78.56.0/21
AS45960,192.82.222.0/24
AS45960,202.56.80.0/20
AS45960,203.158.24.0/21
AS45960,203.56.25.0/24
AS45960,45.121.36.0/22
AS46015,103.139.183.0/24
AS46015,103.144.61.0/24
AS46015,103.18.244.0/22
AS46015,103.18.244.0/24
AS46015,103.233.0.0/22
AS46015,103.233.0.0/24
AS46015,103.6.196.0/22
AS46015,110.4.40.0/21
AS46015,110.4.42.0/24
AS46015,110.4.44.0/23
AS46015,110.4.47.0/24
AS46015,117.53.152.0/22
AS46015,123.100.224.0/24
AS46015,137.59.108.0/22
AS46015,203.142.4.0/24
AS46015,42.1.60.0/22
AS46015,43.252.212.0/22
AS46015,43.252.212.0/23
AS46015,45.127.4.0/22
AS4769,103.13.120.0/23
AS4769,103.13.121.0/24
AS4769,203.142.6.0/23
AS4788,1.32.0.0/17
AS4788,1.32.64.0/18
AS4788,1.9.0.0/16
AS4788,1.9.250.0/24
AS4788,103.1.104.0/22
AS4788,103.168.104.0/24
AS4788,103.4.140.0/22
AS4788,103.9.148.0/24
AS4788,103.9.151.0/24
AS4788,108.165.67.0/24
AS4788,110.159.0.0/16
AS4788,115.132.0.0/14
AS4788,115.134.0.0/18
AS4788,118.100.0.0/15
AS4788,120.140.0.0/18
AS4788,120.140.128.0/19
AS4788,120.140.66.0/23
AS4788,120.140.69.0/24
AS4788,120.140.74.0/24
AS4788,120.140.77.0/24
AS4788,120.140.96.0/19
AS4788,120.141.0.0/19
AS4788,124.13.0.0/16
AS4788,124.82.0.0/16
AS4788,137.195.224.0/20
AS4788,144.177.96.0/22
AS4788,147.158.0.0/16
AS4788,173.223.40.0/22
AS4788,175.136.0.0/13
AS4788,175.144.0.0/15
AS4788,180.72.0.0/14
AS4788,184.28.140.0/22
AS4788,202.188.0.0/16
AS4788,202.71.109.0/24
AS4788,202.75.41.0/24
AS4788,203.106.0.0/16
AS4788,203.106.0.0/19
AS4788,210.186.0.0/15
AS4788,210.195.0.0/16
AS4788,218.111.0.0/16
AS4788,218.208.0.0/16
AS4788,218.208.59.0/24
AS4788,219.92.0.0/15
AS4788,219.94.0.0/17
AS4788,219.95.0.0/16
AS4788,23.201.156.0/22
AS4788,23.220.240.0/22
AS4788,23.220.64.0/22
AS4788,42.153.200.0/21
AS4788,42.153.5.0/24
AS4788,42.188.0.0/14
AS4788,42.188.96.0/19
AS4788,42.189.192.0/18
AS4788,42.191.224.0/19
AS4788,42.191.64.0/18
AS4788,45.116.240.0/22
AS4788,45.123.102.0/23
AS4788,58.26.0.0/16
AS4788,58.27.0.0/17
AS4788,60.48.0.0/14
AS4788,60.49.0.0/18
AS4788,60.49.0.0/19
AS4788,60.49.128.0/18
AS4788,60.51.192.0/18
AS4788,60.52.0.0/15
AS4788,60.52.0.0/18
AS4788,60.53.192.0/18
AS4788,60.54.0.0/16
AS4818,104.101.28.0/22
AS4818,115.164.0.0/16
AS4818,182.62.0.0/15
AS4818,210.48.192.0/20
AS4818,49.124.0.0/15
AS55405,103.13.122.0/23
AS55405,103.139.182.0/24
AS55405,103.162.26.0/23
AS55405,202.157.182.0/23
AS55420,103.29.198.0/24
AS55420,163.61.18.0/24
AS55420,27.0.4.0/23
AS55420,27.0.6.0/24
AS55420,27.0.7.0/24
AS55482,103.153.86.0/23
AS55482,103.78.32.0/24
AS55482,103.78.33.0/24
AS55482,103.78.34.0/23
AS55482,182.173.72.0/23
AS55482,182.173.74.0/24
AS55482,182.173.75.0/24
AS55482,203.32.87.0/24
AS55520,182.255.20.0/22
AS55520,182.255.20.0/24
AS55520,182.255.22.0/23
AS55571,167.23.125.0/24
AS55571,202.52.61.0/24
AS55706,167.247.20.0/24
AS55706,167.247.23.0/24
AS55710,202.52.149.0/24
AS55720,102.211.234.0/24
AS55720,103.100.152.0/24
AS55720,103.106.250.0/23
AS55720,103.113.10.0/24
AS55720,103.113.11.0/24
AS55720,103.113.8.0/24
AS55720,103.113.9.0/24
AS55720,103.117.141.0/24
AS55720,103.144.139.0/24
AS55720,103.15.104.0/24
AS55720,103.15.105.0/24
AS55720,103.15.107.0/24
AS55720,103.154.232.0/24
AS55720,103.159.132.0/23
AS55720,103.166.118.0/24
AS55720,103.169.90.0/23
AS55720,103.175.16.0/24
AS55720,103.187.26.0/24
AS55720,103.187.27.0/24
AS55720,103.190.124.0/24
AS55720,103.190.125.0/24
AS55720,103.195.143.0/24
AS55720,103.20.240.0/24
AS55720,103.20.241.0/24
AS55720,103.204.4.0/22
AS55720,103.205.208.0/22
AS55720,103.21.88.0/22
AS55720,103.212.68.0/24
AS55720,103.212.69.0/24
AS55720,103.212.70.0/23
AS55720,103.228.52.0/22
AS55720,103.229.224.0/24
AS55720,103.229.64.0/24
AS55720,103.229.65.0/24
AS55720,103.229.66.0/24
AS55720,103.229.67.0/24
AS55720,103.23.46.0/23
AS55720,103.230.144.0/24
AS55720,103.230.145.0/24
AS55720,103.230.146.0/24
AS55720,103.230.147.0/24
AS55720,103.232.136.0/22
AS55720,103.232.84.0/23
AS55720,103.232.86.0/24
AS55720,103.232.87.0/24
AS55720,103.243.212.0/24
AS55720,103.243.213.0/24
AS55720,103.243.214.0/24
AS55720,103.243.215.0/24
AS55720,103.244.0.0/23
AS55720,103.244.2.0/24
AS55720,103.244.3.0/24
AS55720,103.246.112.0/24
AS55720,103.246.113.0/24
AS55720,103.246.114.0/24
AS55720,103.248.20.0/24
AS55720,103.248.21.0/24
AS55720,103.248.22.0/24
AS55720,103.248.23.0/24
AS55720,103.249.84.0/23
AS55720,103.249.86.0/24
AS55720,103.249.87.0/24
AS55720,103.253.12.0/22
AS55720,103.255.118.0/24
AS55720,103.255.119.0/24
AS55720,103.27.74.0/24
AS55720,103.35.118.0/24
AS55720,103.35.148.0/23
AS55720,103.35.150.0/24
AS55720,103.35.151.0/24
AS55720,103.4.28.0/24
AS55720,103.4.29.0/24
AS55720,103.4.30.0/24
AS55720,103.4.31.0/24
AS55720,103.60.108.0/24
AS55720,103.60.109.0/24
AS55720,103.60.110.0/23
AS55720,103.71.176.0/23
AS55720,103.71.178.0/24
AS55720,103.71.179.0/24
AS55720,103.75.188.0/22
AS55720,103.81.162.0/24
AS55720,103.85.108.0/24
AS55720,103.85.109.0/24
AS55720,103.85.110.0/24
AS55720,103.86.122.0/23
AS55720,103.9.149.0/24
AS55720,103.9.51.0/24
AS55720,103.91.64.0/22
AS55720,103.92.144.0/24
AS55720,108.165.252.0/24
AS55720,114.29.252.0/23
AS55720,114.29.254.0/23
AS55720,118.107.216.0/22
AS55720,118.107.220.0/24
AS55720,118.107.221.0/24
AS55720,118.107.222.0/23
AS55720,119.160.232.0/24
AS55720,119.160.233.0/24
AS55720,119.160.234.0/23
AS55720,123.253.32.0/22
AS55720,139.5.177.0/24
AS55720,14.192.67.0/24
AS55720,14.192.68.0/23
AS55720,141.11.17.0/24
AS55720,143.20.166.0/24
AS55720,143.20.31.0/24
AS55720,150.107.76.0/23
AS55720,150.107.78.0/24
AS55720,150.107.79.0/24
AS55720,154.216.2.0/23
AS55720,154.220.2.0/24
AS55720,154.6.148.0/23
AS55720,154.91.146.0/23
AS55720,156.241.2.0/24
AS55720,160.250.92.0/23
AS55720,163.5.139.0/24
AS55720,166.1.210.0/24
AS55720,181.215.14.0/24
AS55720,181.215.246.0/24
AS55720,185.189.160.0/24
AS55720,185.189.161.0/24
AS55720,185.189.162.0/24
AS55720,185.189.163.0/24
AS55720,185.189.240.0/24
AS55720,185.189.241.0/24
AS55720,185.189.243.0/24
AS55720,185.93.164.0/22
AS55720,202.176.4.0/24
AS55720,202.176.5.0/24
AS55720,202.176.6.0/24
AS55720,202.59.10.0/24
AS55720,202.59.9.0/24
AS55720,202.73.12.0/22
AS55720,202.87.220.0/23
AS55720,202.87.222.0/24
AS55720,202.87.223.0/24
AS55720,202.9.36.0/24
AS55720,202.9.39.0/24
AS55720,203.99.148.0/24
AS55720,203.99.149.0/24
AS55720,220.158.200.0/24
AS55720,220.158.201.0/24
AS55720,223.25.240.0/21
AS55720,43.239.178.0/24
AS55720,43.246.174.0/24
AS55720,45.116.160.0/22
AS55720,45.116.164.0/24
AS55720,45.116.165.0/24
AS55720,45.116.166.0/23
AS55720,45.116.172.0/24
AS55720,45.116.173.0/24
AS55720,45.116.174.0/23
AS55720,45.116.176.0/23
AS55720,45.116.179.0/24
AS55720,45.117.230.0/24
AS55720,45.120.28.0/24
AS55720,45.120.29.0/24
AS55720,45.120.31.0/24
AS55720,45.120.52.0/24
AS55720,45.120.53.0/24
AS55720,45.120.54.0/24
AS55720,45.120.55.0/24
AS55720,45.121.144.0/24
AS55720,45.121.145.0/24
AS55720,45.121.146.0/23
AS55720,45.204.17.0/24
AS55720,45.204.20.0/24
AS55720,45.207.32.0/24
AS55720,5.181.132.0/24
AS55720,59.153.148.0/24
AS55720,61.4.100.0/23
AS55720,61.4.102.0/24
AS55720,61.4.103.0/24
AS55720,61.4.104.0/24
AS55720,61.4.105.0/24
AS55720,61.4.106.0/24
AS55720,61.4.107.0/24
AS55720,61.4.109.0/24
AS55720,61.4.110.0/24
AS55720,61.4.112.0/24
AS55720,61.4.113.0/24
AS55720,61.4.114.0/24
AS55720,61.4.115.0/24
AS55720,61.4.116.0/24
AS55720,61.4.117.0/24
AS55720,61.4.118.0/24
AS55720,61.4.119.0/24
AS55720,61.4.120.0/24
AS55720,61.4.121.0/24
AS55720,61.4.122.0/24
AS55720,61.4.124.0/24
AS55720,61.4.126.0/24
AS55720,61.4.127.0/24
AS55720,61.4.97.0/24
AS55720,61.4.98.0/23
AS55720,63.135.160.0/24
AS55720,82.163.22.0/24
AS55720,89.116.140.0/24
AS55720,98.159.106.0/24
AS55799,103.1.152.0/23
AS55799,103.10.196.0/24
AS55799,103.113.156.0/22
AS55799,103.35.72.0/23
AS55799,103.35.74.0/24
AS55799,103.42.212.0/24
AS55799,103.82.4.0/23
AS55799,202.144.194.0/23
AS55799,43.239.156.0/22
AS55799,43.245.196.0/24
AS55799,43.245.222.0/24
AS55799,43.251.157.0/24
AS55799,43.251.158.0/24
AS55822,103.214.196.0/23
AS55822,144.48.144.0/24
AS55822,218.100.75.0/24
AS55856,49.50.236.0/22
AS55951,113.11.236.0/24
AS55951,113.11.237.0/24
AS55951,113.11.238.0/24
AS55951,113.11.239.0/24
AS56109,103.17.124.0/24
AS56109,103.17.125.0/24
AS56109,103.35.143.0/24
AS56109,203.10.58.0/24
AS56109,43.239.233.0/24
AS56109,43.239.234.0/24
AS56111,103.229.196.0/23
AS56111,103.229.196.0/24
AS56111,103.229.197.0/24
AS56111,27.121.108.0/22
AS56111,27.121.108.0/23
AS56111,27.121.110.0/24
AS56140,42.0.28.0/22
AS56229,103.224.19.0/24
AS56229,103.26.148.0/22
AS56229,103.3.72.0/23
AS56229,103.3.74.0/23
AS56229,203.18.197.0/24
AS56229,43.231.72.0/23
AS56229,43.231.74.0/24
AS56229,43.231.75.0/24
AS56231,103.179.70.0/24
AS56231,103.232.219.0/24
AS56231,117.18.99.0/24
AS56231,38.172.36.0/22
AS56231,38.56.84.0/22
AS56231,45.121.20.0/22
AS56286,103.106.166.0/23
AS56286,103.26.190.0/24
AS56286,103.29.56.0/22
AS56286,167.179.26.0/24
AS56286,203.222.47.0/24
AS56286,203.25.78.0/24
AS56286,205.209.31.0/24
AS56286,72.57.145.0/24
AS56286,72.57.146.0/23
AS56286,72.57.148.0/22
AS56286,72.57.152.0/23
AS56286,72.57.154.0/24
AS58622,103.14.28.0/22
AS58812,103.16.182.0/23
AS58910,103.145.156.0/24
AS58910,103.18.88.0/22
AS58910,103.18.88.0/23
AS58910,43.241.96.0/22
AS58983,103.176.72.0/24
AS58983,103.240.176.0/22
AS58983,103.240.177.0/24
AS58983,45.119.160.0/22
AS59263,103.255.170.0/24
AS59263,103.255.171.0/24
AS9534,103.239.248.0/22
AS9534,103.4.44.0/22
AS9534,113.210.0.0/15
AS9534,113.210.0.0/16
AS9534,113.211.112.0/21
AS9534,113.211.96.0/20
AS9534,121.120.0.0/15
AS9534,121.122.0.0/15
AS9534,121.122.0.0/16
AS9534,121.123.0.0/16
AS9534,14.192.192.0/18
AS9534,14.192.192.0/23
AS9534,14.192.236.0/22
AS9534,14.192.240.0/22
AS9534,14.192.244.0/23
AS9534,202.122.144.0/20
AS9534,202.146.64.0/19
AS9534,202.151.192.0/18
AS9534,202.179.96.0/19
AS9534,202.75.128.0/18
AS9534,23.34.128.0/22
AS9534,43.240.20.0/22
AS9534,43.251.138.0/24
AS9534,43.255.172.0/22
AS9534,58.71.128.0/17
AS9655,202.129.160.0/24
AS9655,202.129.161.0/24
AS9655,202.129.162.0/23
AS9655,202.129.164.0/22
AS9655,202.129.168.0/24
AS9655,202.129.173.0/24
AS9655,202.129.174.0/23
AS9930,103.10.160.0/23
AS9930,103.102.240.0/22
AS9930,103.158.166.0/24
AS9930,103.243.156.0/22
AS9930,103.5.236.0/22
AS9930,136.238.199.0/24
AS9930,161.142.0.0/16
AS9930,192.228.128.0/17
AS9930,202.184.0.0/14
AS9930,202.185.12.0/24
AS9930,202.185.181.0/24
AS9930,202.185.188.0/24
AS9930,202.190.0.0/16
AS9930,203.121.0.0/17
AS9930,210.19.0.0/16
AS9930,211.24.0.0/15
AS9930,211.24.242.0/24
AS9930,211.24.36.0/24
AS9930,211.25.111.0/24
AS9930,211.25.161.0/24
AS9930,211.25.163.0/24
AS9930,211.25.240.0/22
AS9930,211.25.244.0/22
AS9930,211.25.64.0/24
AS9930,211.25.95.0/24
AS9930,218.100.18.0/24
AS9930,223.28.0.0/17
AS9930,49.50.12.0/24
AS9930,61.6.0.0/17
AS9930,61.6.128.0/18
AS9986,45.116.244.0/24
AS9986,45.116.246.0/24
